image,dark_corner,hair,gel_border,gel_bubble,ruler,ink,patches,label,label_string,image_id,malignant,has_img,has_mask,n_artifacts,strat
ISIC_0012663.png,0,1,1,0,0,1,0,0,benign,ISIC_0012663,0,True,True,3,0_True
ISIC_0014558.png,1,0,0,1,1,0,0,1,malignant,ISIC_0014558,1,True,True,3,1_True
ISIC_0013600.png,1,0,1,1,1,1,0,0,benign,ISIC_0013600,0,True,True,5,0_True
ISIC_0009974.png,0,1,0,0,1,0,0,0,benign,ISIC_0009974,0,True,True,2,0_True
ISIC_0002976.png,1,1,0,0,0,0,1,0,benign,ISIC_0002976,0,True,True,3,0_True
ISIC_0013518.png,1,1,0,1,1,0,0,1,malignant,ISIC_0013518,1,True,True,4,1_True
ISIC_0013365.png,1,0,1,1,1,0,0,1,malignant,ISIC_0013365,1,True,True,4,1_True
ISIC_0010479.png,0,0,0,1,0,0,0,0,benign,ISIC_0010479,0,True,True,1,0_True
ISIC_0010848.png,0,1,0,0,1,0,0,0,benign,ISIC_0010848,0,True,True,2,0_True
ISIC_0016036.png,0,0,1,1,1,1,0,0,benign,ISIC_0016036,0,True,True,4,0_True
ISIC_0013828.png,0,1,1,0,1,1,0,1,malignant,ISIC_0013828,1,True,True,4,1_True
ISIC_0014928.png,0,1,0,1,0,0,0,1,malignant,ISIC_0014928,1,True,True,2,1_True
ISIC_0011363.png,0,1,0,0,0,0,0,0,benign,ISIC_0011363,0,True,True,1,0_True
ISIC_0000319.png,1,1,0,0,0,0,0,0,benign,ISIC_0000319,0,True,True,2,0_True
ISIC_0012089.png,0,0,1,1,1,0,0,0,benign,ISIC_0012089,0,True,True,3,0_True
ISIC_0015193.png,1,1,0,1,0,0,0,1,malignant,ISIC_0015193,1,True,True,3,1_True
ISIC_0015966.png,1,0,0,1,1,1,0,0,benign,ISIC_0015966,0,True,True,4,0_True
ISIC_0010089.png,0,1,0,1,1,0,0,1,malignant,ISIC_0010089,1,True,True,3,1_True
ISIC_0013190.png,1,1,0,0,0,0,0,0,benign,ISIC_0013190,0,True,True,2,0_True
ISIC_0000535.png,0,1,0,0,1,0,0,0,benign,ISIC_0000535,0,True,True,2,0_True
ISIC_0013334.png,1,1,1,1,1,0,0,1,malignant,ISIC_0013334,1,True,True,5,1_True
ISIC_0002489.png,0,1,1,0,0,0,1,0,benign,ISIC_0002489,0,True,True,3,0_True
ISIC_0001306.png,0,1,1,0,0,0,1,0,benign,ISIC_0001306,0,True,True,3,0_True
ISIC_0012415.png,0,0,1,0,1,1,0,0,benign,ISIC_0012415,0,True,True,3,0_True
ISIC_0014110.png,1,0,0,0,1,0,0,1,malignant,ISIC_0014110,1,True,True,2,1_True
ISIC_0000290.png,1,0,0,1,1,0,0,1,malignant,ISIC_0000290,1,True,True,3,1_True
ISIC_0012840.png,1,1,0,1,1,1,0,0,benign,ISIC_0012840,0,True,True,5,0_True
ISIC_0013271.png,0,0,1,1,1,1,0,0,benign,ISIC_0013271,0,True,True,4,0_True
ISIC_0014386.png,1,1,0,1,1,0,0,0,benign,ISIC_0014386,0,True,True,4,0_True
ISIC_0000045.png,1,1,0,0,0,0,0,0,benign,ISIC_0000045,0,True,True,2,0_True
ISIC_0013070.png,0,0,1,1,1,1,0,0,benign,ISIC_0013070,0,True,True,4,0_True
ISIC_0000025.png,0,0,0,0,0,0,0,0,benign,ISIC_0000025,0,True,True,0,0_False
ISIC_0010047.png,1,0,0,1,1,0,0,0,benign,ISIC_0010047,0,True,True,3,0_True
ISIC_0016030.png,1,1,0,0,1,1,0,0,benign,ISIC_0016030,0,True,True,4,0_True
ISIC_0011084.png,0,1,0,0,1,0,0,0,benign,ISIC_0011084,0,True,True,2,0_True
ISIC_0014094.png,0,1,1,0,1,0,0,0,benign,ISIC_0014094,0,True,True,3,0_True
ISIC_0013198.png,0,1,1,0,1,1,0,1,malignant,ISIC_0013198,1,True,True,4,1_True
ISIC_0000184.png,0,0,0,1,0,0,0,0,benign,ISIC_0000184,0,True,True,1,0_True
ISIC_0000056.png,0,0,0,1,0,0,0,1,malignant,ISIC_0000056,1,True,True,1,1_True
ISIC_0001204.png,0,1,1,0,0,0,1,0,benign,ISIC_0001204,0,True,True,3,0_True
ISIC_0014854.png,1,1,0,1,0,0,0,0,benign,ISIC_0014854,0,True,True,3,0_True
ISIC_0012469.png,1,0,0,0,1,0,1,0,benign,ISIC_0012469,0,True,True,3,0_True
ISIC_0015021.png,0,1,0,1,0,0,0,0,benign,ISIC_0015021,0,True,True,2,0_True
ISIC_0013775.png,1,1,0,0,1,0,0,1,malignant,ISIC_0013775,1,True,True,3,1_True
ISIC_0000073.png,1,0,0,0,0,0,0,0,benign,ISIC_0000073,0,True,True,1,0_True
ISIC_0010572.png,0,0,0,0,1,0,0,0,benign,ISIC_0010572,0,True,True,1,0_True
ISIC_0001126.png,0,1,0,0,0,0,0,1,malignant,ISIC_0001126,1,True,True,1,1_True
ISIC_0015255.png,0,1,0,1,0,0,0,0,benign,ISIC_0015255,0,True,True,2,0_True
ISIC_0014958.png,0,1,0,1,0,0,0,0,benign,ISIC_0014958,0,True,True,2,0_True
ISIC_0010029.png,0,0,0,0,1,0,0,1,malignant,ISIC_0010029,1,True,True,1,1_True
ISIC_0012435.png,0,1,1,0,1,0,0,1,malignant,ISIC_0012435,1,True,True,3,1_True
ISIC_0011338.png,0,0,0,1,0,0,0,0,benign,ISIC_0011338,0,True,True,1,0_True
ISIC_0013765.png,1,1,1,0,1,0,0,0,benign,ISIC_0013765,0,True,True,4,0_True
ISIC_0000294.png,0,0,0,0,0,0,0,1,malignant,ISIC_0000294,1,True,True,0,1_False
ISIC_0012092.png,1,1,0,1,1,0,0,0,benign,ISIC_0012092,0,True,True,4,0_True
ISIC_0010046.png,0,0,0,1,0,0,0,0,benign,ISIC_0010046,0,True,True,1,0_True
ISIC_0014361.png,1,1,0,0,1,1,0,1,malignant,ISIC_0014361,1,True,True,4,1_True
ISIC_0000022.png,0,1,0,0,0,0,0,1,malignant,ISIC_0000022,1,True,True,1,1_True
ISIC_0013023.png,0,1,1,0,1,0,0,0,benign,ISIC_0013023,0,True,True,3,0_True
ISIC_0012725.png,0,1,1,1,1,1,0,0,benign,ISIC_0012725,0,True,True,5,0_True
ISIC_0011123.png,0,0,0,1,0,0,0,0,benign,ISIC_0011123,0,True,True,1,0_True
ISIC_0012221.png,0,0,1,0,1,1,0,0,benign,ISIC_0012221,0,True,True,3,0_True
ISIC_0010443.png,0,0,0,0,0,0,0,0,benign,ISIC_0010443,0,True,True,0,0_False
ISIC_0000240.png,0,1,0,0,0,0,0,0,benign,ISIC_0000240,0,True,True,1,0_True
ISIC_0012136.png,0,0,1,1,1,1,0,0,benign,ISIC_0012136,0,True,True,4,0_True
ISIC_0005666.png,0,1,1,0,0,0,1,0,benign,ISIC_0005666,0,True,True,3,0_True
ISIC_0013617.png,1,1,1,1,1,0,0,1,malignant,ISIC_0013617,1,True,True,5,1_True
ISIC_0012224.png,1,1,1,1,1,0,0,0,benign,ISIC_0012224,0,True,True,5,0_True
ISIC_0012883.png,1,1,1,1,1,0,0,0,benign,ISIC_0012883,0,True,True,5,0_True
ISIC_0013690.png,1,0,1,1,1,1,0,0,benign,ISIC_0013690,0,True,True,5,0_True
ISIC_0015189.png,0,1,0,1,0,0,0,1,malignant,ISIC_0015189,1,True,True,2,1_True
ISIC_0011295.png,0,0,0,0,1,0,0,1,malignant,ISIC_0011295,1,True,True,1,1_True
ISIC_0010558.png,0,1,0,0,0,0,0,0,benign,ISIC_0010558,0,True,True,1,0_True
ISIC_0010457.png,0,0,0,1,0,0,0,0,benign,ISIC_0010457,0,True,True,1,0_True
ISIC_0015593.png,0,1,0,1,0,0,0,0,benign,ISIC_0015593,0,True,True,2,0_True
ISIC_0013319.png,1,0,1,0,1,0,0,0,benign,ISIC_0013319,0,True,True,3,0_True
ISIC_0008913.png,1,1,0,0,0,0,1,0,benign,ISIC_0008913,0,True,True,3,0_True
ISIC_0014222.png,1,1,0,1,1,0,0,1,malignant,ISIC_0014222,1,True,True,4,1_True
ISIC_0014349.png,1,0,0,1,1,0,0,1,malignant,ISIC_0014349,1,True,True,3,1_True
ISIC_0011317.png,0,0,0,0,1,0,0,0,benign,ISIC_0011317,0,True,True,1,0_True
ISIC_0015019.png,0,1,0,1,0,0,0,0,benign,ISIC_0015019,0,True,True,2,0_True
ISIC_0010081.png,0,1,0,0,1,0,0,1,malignant,ISIC_0010081,1,True,True,2,1_True
ISIC_0000007.png,1,0,0,0,0,0,0,0,benign,ISIC_0000007,0,True,True,1,0_True
ISIC_0013832.png,1,0,0,1,0,0,0,1,malignant,ISIC_0013832,1,True,True,2,1_True
ISIC_0003308.png,0,0,1,0,0,0,1,0,benign,ISIC_0003308,0,True,True,2,0_True
ISIC_0015110.png,0,0,0,1,0,0,0,1,malignant,ISIC_0015110,1,True,True,1,1_True
ISIC_0014765.png,0,1,0,1,0,0,0,0,benign,ISIC_0014765,0,True,True,2,0_True
ISIC_0000426.png,0,0,0,1,0,0,0,0,benign,ISIC_0000426,0,True,True,1,0_True
ISIC_0001188.png,1,1,0,0,0,0,1,0,benign,ISIC_0001188,0,True,True,3,0_True
ISIC_0000275.png,1,0,0,0,1,0,0,0,benign,ISIC_0000275,0,True,True,2,0_True
ISIC_0012986.png,1,1,0,1,1,0,0,0,benign,ISIC_0012986,0,True,True,4,0_True
ISIC_0010105.png,0,1,0,0,0,0,0,0,benign,ISIC_0010105,0,True,True,1,0_True
ISIC_0013474.png,1,1,0,1,1,1,0,0,benign,ISIC_0013474,0,True,True,5,0_True
ISIC_0012288.png,1,1,1,0,1,0,0,1,malignant,ISIC_0012288,1,True,True,4,1_True
ISIC_0013578.png,1,0,1,1,1,0,0,1,malignant,ISIC_0013578,1,True,True,4,1_True
ISIC_0014178.png,1,0,0,1,1,0,0,0,benign,ISIC_0014178,0,True,True,3,0_True
ISIC_0013172.png,0,0,1,0,1,1,0,0,benign,ISIC_0013172,0,True,True,3,0_True
ISIC_0013684.png,0,1,1,1,1,1,0,0,benign,ISIC_0013684,0,True,True,5,0_True
ISIC_0014708.png,0,1,0,1,0,0,0,0,benign,ISIC_0014708,0,True,True,2,0_True
ISIC_0014725.png,0,1,0,1,0,0,0,0,benign,ISIC_0014725,0,True,True,2,0_True
ISIC_0015156.png,0,1,0,1,0,0,0,1,malignant,ISIC_0015156,1,True,True,2,1_True
ISIC_0014270.png,1,0,0,1,1,0,0,1,malignant,ISIC_0014270,1,True,True,3,1_True
ISIC_0014619.png,1,0,0,1,0,0,0,0,benign,ISIC_0014619,0,True,True,2,0_True
ISIC_0010185.png,0,0,0,0,0,0,0,0,benign,ISIC_0010185,0,True,True,0,0_False
ISIC_0000000.png,0,0,0,0,0,0,0,0,benign,ISIC_0000000,0,True,True,0,0_False
ISIC_0000349.png,1,1,0,0,0,0,0,0,benign,ISIC_0000349,0,True,True,2,0_True
ISIC_0000408.png,0,1,0,1,1,0,0,0,benign,ISIC_0000408,0,True,True,3,0_True
ISIC_0009937.png,0,1,0,0,0,0,0,0,benign,ISIC_0009937,0,True,True,1,0_True
ISIC_0013459.png,1,0,0,1,1,0,0,1,malignant,ISIC_0013459,1,True,True,3,1_True
ISIC_0015948.png,0,0,1,1,1,1,0,0,benign,ISIC_0015948,0,True,True,4,0_True
ISIC_0013184.png,1,1,0,0,1,0,0,1,malignant,ISIC_0013184,1,True,True,3,1_True
ISIC_0000490.png,0,1,0,0,0,0,0,0,benign,ISIC_0000490,0,True,True,1,0_True
ISIC_0014941.png,0,1,0,1,0,0,0,0,benign,ISIC_0014941,0,True,True,2,0_True
ISIC_0011207.png,1,0,0,0,1,0,0,0,benign,ISIC_0011207,0,True,True,2,0_True
ISIC_0015016.png,0,1,0,1,0,0,0,0,benign,ISIC_0015016,0,True,True,2,0_True
ISIC_0013079.png,0,0,1,0,1,0,0,1,malignant,ISIC_0013079,1,True,True,2,1_True
ISIC_0012263.png,1,0,1,0,1,1,0,0,benign,ISIC_0012263,0,True,True,4,0_True
ISIC_0003056.png,1,1,0,0,0,0,1,0,benign,ISIC_0003056,0,True,True,3,0_True
ISIC_0000385.png,0,0,0,0,0,0,0,0,benign,ISIC_0000385,0,True,True,0,0_False
ISIC_0013124.png,1,0,0,0,1,1,0,0,benign,ISIC_0013124,0,True,True,3,0_True
ISIC_0010000.png,0,0,0,1,0,0,0,1,malignant,ISIC_0010000,1,True,True,1,1_True
ISIC_0012182.png,0,1,1,0,1,0,0,0,benign,ISIC_0012182,0,True,True,3,0_True
ISIC_0012659.png,0,1,1,0,1,0,0,0,benign,ISIC_0012659,0,True,True,3,0_True
ISIC_0012230.png,1,0,1,0,1,1,0,0,benign,ISIC_0012230,0,True,True,4,0_True
ISIC_0012206.png,0,0,1,1,1,0,0,0,benign,ISIC_0012206,0,True,True,3,0_True
ISIC_0013738.png,1,1,0,1,1,0,0,0,benign,ISIC_0013738,0,True,True,4,0_True
ISIC_0000128.png,0,1,0,0,1,0,0,0,benign,ISIC_0000128,0,True,True,2,0_True
ISIC_0013212.png,0,0,1,0,1,0,0,0,benign,ISIC_0013212,0,True,True,2,0_True
ISIC_0014302.png,1,0,0,1,1,0,0,1,malignant,ISIC_0014302,1,True,True,3,1_True
ISIC_0015990.png,0,1,1,0,1,1,0,0,benign,ISIC_0015990,0,True,True,4,0_True
ISIC_0000063.png,0,1,0,1,0,0,0,0,benign,ISIC_0000063,0,True,True,2,0_True
ISIC_0014664.png,1,1,0,1,0,0,0,0,benign,ISIC_0014664,0,True,True,3,0_True
ISIC_0013637.png,1,0,1,0,1,0,0,0,benign,ISIC_0013637,0,True,True,3,0_True
ISIC_0010349.png,0,1,0,0,0,0,0,1,malignant,ISIC_0010349,1,True,True,1,1_True
ISIC_0011353.png,0,0,0,1,0,0,0,0,benign,ISIC_0011353,0,True,True,1,0_True
ISIC_0013052.png,0,1,1,0,1,0,0,0,benign,ISIC_0013052,0,True,True,3,0_True
ISIC_0015185.png,0,0,0,1,0,0,0,1,malignant,ISIC_0015185,1,True,True,1,1_True
ISIC_0012945.png,1,1,0,0,1,1,0,0,benign,ISIC_0012945,0,True,True,4,0_True
ISIC_0013837.png,0,1,1,0,1,1,0,0,benign,ISIC_0013837,0,True,True,4,0_True
ISIC_0014001.png,1,0,0,1,1,0,0,0,benign,ISIC_0014001,0,True,True,3,0_True
ISIC_0009969.png,0,0,0,1,0,0,0,0,benign,ISIC_0009969,0,True,True,1,0_True
ISIC_0014964.png,0,1,0,1,0,0,0,0,benign,ISIC_0014964,0,True,True,2,0_True
ISIC_0000137.png,1,0,0,0,1,0,0,0,benign,ISIC_0000137,0,True,True,2,0_True
ISIC_0016071.png,0,0,1,0,1,1,0,0,benign,ISIC_0016071,0,True,True,3,0_True
ISIC_0013056.png,1,0,1,1,0,1,0,0,benign,ISIC_0013056,0,True,True,4,0_True
ISIC_0013166.png,0,1,1,1,1,0,0,0,benign,ISIC_0013166,0,True,True,4,0_True
ISIC_0011230.png,0,0,0,0,0,0,0,0,benign,ISIC_0011230,0,True,True,0,0_False
ISIC_0014032.png,1,1,0,0,1,1,0,0,benign,ISIC_0014032,0,True,True,4,0_True
ISIC_0013644.png,1,1,0,0,1,0,0,1,malignant,ISIC_0013644,1,True,True,3,1_True
ISIC_0000550.png,0,1,0,0,1,0,0,1,malignant,ISIC_0000550,1,True,True,2,1_True
ISIC_0014440.png,1,1,0,1,1,0,0,0,benign,ISIC_0014440,0,True,True,4,0_True
ISIC_0011127.png,0,1,0,1,0,0,0,0,benign,ISIC_0011127,0,True,True,2,0_True
ISIC_0000148.png,0,1,0,1,0,0,0,1,malignant,ISIC_0000148,1,True,True,2,1_True
ISIC_0012674.png,0,1,1,1,1,1,0,0,benign,ISIC_0012674,0,True,True,5,0_True
ISIC_0014826.png,0,1,0,1,0,0,0,1,malignant,ISIC_0014826,1,True,True,2,1_True
ISIC_0012334.png,0,1,1,1,1,1,0,0,benign,ISIC_0012334,0,True,True,5,0_True
ISIC_0000492.png,0,1,0,0,1,0,0,0,benign,ISIC_0000492,0,True,True,2,0_True
ISIC_0010595.png,0,1,0,0,0,0,0,0,benign,ISIC_0010595,0,True,True,1,0_True
ISIC_0014920.png,0,1,0,1,0,0,0,1,malignant,ISIC_0014920,1,True,True,2,1_True
ISIC_0010571.png,0,0,0,1,0,0,0,0,benign,ISIC_0010571,0,True,True,1,0_True
ISIC_0011166.png,0,0,0,1,1,0,0,1,malignant,ISIC_0011166,1,True,True,2,1_True
ISIC_0009902.png,0,1,0,0,0,0,0,0,benign,ISIC_0009902,0,True,True,1,0_True
ISIC_0013026.png,1,1,0,1,1,1,0,0,benign,ISIC_0013026,0,True,True,5,0_True
ISIC_0014397.png,1,1,0,1,1,0,0,0,benign,ISIC_0014397,0,True,True,4,0_True
ISIC_0013831.png,0,0,1,0,1,0,0,1,malignant,ISIC_0013831,1,True,True,2,1_True
ISIC_0000252.png,1,1,0,0,0,0,0,0,benign,ISIC_0000252,0,True,True,2,0_True
ISIC_0013126.png,1,1,1,0,1,1,0,0,benign,ISIC_0013126,0,True,True,5,0_True
ISIC_0012835.png,1,0,1,0,1,1,0,0,benign,ISIC_0012835,0,True,True,4,0_True
ISIC_0000261.png,0,0,0,0,0,0,0,0,benign,ISIC_0000261,0,True,True,0,0_False
ISIC_0011352.png,0,0,0,1,0,0,0,0,benign,ISIC_0011352,0,True,True,1,0_True
ISIC_0010368.png,0,0,0,1,1,0,0,0,benign,ISIC_0010368,0,True,True,2,0_True
ISIC_0014763.png,0,1,0,1,0,0,0,0,benign,ISIC_0014763,0,True,True,2,0_True
ISIC_0011109.png,0,0,0,1,0,0,0,0,benign,ISIC_0011109,0,True,True,1,0_True
ISIC_0012447.png,0,1,1,0,1,1,0,0,benign,ISIC_0012447,0,True,True,4,0_True
ISIC_0015041.png,0,1,0,1,0,0,0,1,malignant,ISIC_0015041,1,True,True,2,1_True
ISIC_0000094.png,0,1,0,1,1,0,0,0,benign,ISIC_0000094,0,True,True,3,0_True
ISIC_0013173.png,1,1,0,0,1,1,0,0,benign,ISIC_0013173,0,True,True,4,0_True
ISIC_0009960.png,0,0,0,0,0,0,0,1,malignant,ISIC_0009960,1,True,True,0,1_False
ISIC_0000191.png,0,1,0,1,0,0,0,0,benign,ISIC_0000191,0,True,True,2,0_True
ISIC_0013758.png,1,1,1,1,1,0,1,0,benign,ISIC_0013758,0,True,True,6,0_True
ISIC_0010057.png,0,0,0,1,0,0,0,0,benign,ISIC_0010057,0,True,True,1,0_True
ISIC_0014225.png,1,0,0,0,1,0,0,0,benign,ISIC_0014225,0,True,True,2,0_True
ISIC_0010329.png,1,0,0,1,1,0,0,1,malignant,ISIC_0010329,1,True,True,3,1_True
ISIC_0000299.png,1,0,0,1,0,0,0,1,malignant,ISIC_0000299,1,True,True,2,1_True
ISIC_0012700.png,0,1,1,0,1,0,0,0,benign,ISIC_0012700,0,True,True,3,0_True
ISIC_0014090.png,1,0,0,0,1,0,0,0,benign,ISIC_0014090,0,True,True,2,0_True
ISIC_0007156.png,0,1,1,0,0,0,1,0,benign,ISIC_0007156,0,True,True,3,0_True
ISIC_0016044.png,1,1,0,1,1,1,0,0,benign,ISIC_0016044,0,True,True,5,0_True
ISIC_0015960.png,0,1,1,0,1,0,0,0,benign,ISIC_0015960,0,True,True,3,0_True
ISIC_0010447.png,0,1,0,1,0,0,0,0,benign,ISIC_0010447,0,True,True,2,0_True
ISIC_0013248.png,0,0,1,0,1,0,0,0,benign,ISIC_0013248,0,True,True,2,0_True
ISIC_0000554.png,0,1,0,0,1,0,0,1,malignant,ISIC_0000554,1,True,True,2,1_True
ISIC_0000135.png,1,1,0,1,0,0,0,0,benign,ISIC_0000135,0,True,True,3,0_True
ISIC_0000310.png,1,0,0,1,0,0,0,1,malignant,ISIC_0000310,1,True,True,2,1_True
ISIC_0000474.png,0,0,0,0,0,0,0,0,benign,ISIC_0000474,0,True,True,0,0_False
ISIC_0009868.png,0,0,0,0,0,0,1,1,malignant,ISIC_0009868,1,True,True,1,1_True
ISIC_0015250.png,0,1,0,1,0,0,0,0,benign,ISIC_0015250,0,True,True,2,0_True
ISIC_0014850.png,0,1,0,1,0,0,0,0,benign,ISIC_0014850,0,True,True,2,0_True
ISIC_0001106.png,0,1,0,0,0,0,0,1,malignant,ISIC_0001106,1,True,True,1,1_True
ISIC_0016016.png,1,0,0,1,1,0,0,0,benign,ISIC_0016016,0,True,True,3,0_True
ISIC_0000348.png,1,1,0,0,0,0,0,0,benign,ISIC_0000348,0,True,True,2,0_True
ISIC_0015118.png,0,1,0,1,0,0,0,0,benign,ISIC_0015118,0,True,True,2,0_True
ISIC_0015447.png,0,1,0,1,0,0,0,0,benign,ISIC_0015447,0,True,True,2,0_True
ISIC_0016027.png,1,0,1,0,1,1,0,0,benign,ISIC_0016027,0,True,True,4,0_True
ISIC_0011101.png,0,1,0,0,0,0,0,0,benign,ISIC_0011101,0,True,True,1,0_True
ISIC_0013844.png,0,0,1,0,1,0,0,1,malignant,ISIC_0013844,1,True,True,2,1_True
ISIC_0015937.png,0,1,1,0,1,1,0,0,benign,ISIC_0015937,0,True,True,4,0_True
ISIC_0015976.png,0,0,1,0,1,0,0,0,benign,ISIC_0015976,0,True,True,2,0_True
ISIC_0014255.png,1,1,0,1,1,0,0,1,malignant,ISIC_0014255,1,True,True,4,1_True
ISIC_0006671.png,0,0,1,0,0,0,1,0,benign,ISIC_0006671,0,True,True,2,0_True
ISIC_0009947.png,0,0,0,0,1,0,0,0,benign,ISIC_0009947,0,True,True,1,0_True
ISIC_0014989.png,0,1,0,1,0,0,0,0,benign,ISIC_0014989,0,True,True,2,0_True
ISIC_0000219.png,0,1,0,1,0,0,0,0,benign,ISIC_0000219,0,True,True,2,0_True
ISIC_0015962.png,1,1,0,1,1,1,0,0,benign,ISIC_0015962,0,True,True,5,0_True
ISIC_0015566.png,1,1,0,1,0,0,0,0,benign,ISIC_0015566,0,True,True,3,0_True
ISIC_0014169.png,1,0,0,1,1,0,0,0,benign,ISIC_0014169,0,True,True,3,0_True
ISIC_0014755.png,0,0,0,1,1,0,0,0,benign,ISIC_0014755,0,True,True,2,0_True
ISIC_0013257.png,1,1,0,0,1,0,0,0,benign,ISIC_0013257,0,True,True,3,0_True
ISIC_0011203.png,1,1,0,0,1,0,0,0,benign,ISIC_0011203,0,True,True,3,0_True
ISIC_0000431.png,0,1,0,0,0,0,0,0,benign,ISIC_0000431,0,True,True,1,0_True
ISIC_0013733.png,1,1,0,0,1,0,0,1,malignant,ISIC_0013733,1,True,True,3,1_True
ISIC_0014890.png,1,0,0,1,0,0,0,0,benign,ISIC_0014890,0,True,True,2,0_True
ISIC_0014567.png,1,0,0,1,0,0,0,0,benign,ISIC_0014567,0,True,True,2,0_True
ISIC_0015283.png,0,1,0,1,0,0,0,0,benign,ISIC_0015283,0,True,True,2,0_True
ISIC_0009973.png,0,0,0,0,1,0,0,0,benign,ISIC_0009973,0,True,True,1,0_True
ISIC_0013128.png,1,0,1,1,1,1,0,0,benign,ISIC_0013128,0,True,True,5,0_True
ISIC_0016007.png,1,0,0,1,1,0,0,0,benign,ISIC_0016007,0,True,True,3,0_True
ISIC_0014931.png,0,1,0,1,0,0,0,1,malignant,ISIC_0014931,1,True,True,2,1_True
ISIC_0000276.png,1,0,0,0,1,0,0,1,malignant,ISIC_0000276,1,True,True,2,1_True
ISIC_0000246.png,0,0,0,0,0,0,0,0,benign,ISIC_0000246,0,True,True,0,0_False
ISIC_0013807.png,1,0,1,1,1,1,0,0,benign,ISIC_0013807,0,True,True,5,0_True
ISIC_0010584.png,0,0,0,1,0,0,0,0,benign,ISIC_0010584,0,True,True,1,0_True
ISIC_0009994.png,0,1,0,1,1,0,0,0,benign,ISIC_0009994,0,True,True,3,0_True
ISIC_0011131.png,0,1,0,1,0,0,0,0,benign,ISIC_0011131,0,True,True,2,0_True
ISIC_0001181.png,1,0,1,0,0,0,1,0,benign,ISIC_0001181,0,True,True,3,0_True
ISIC_0011341.png,0,1,0,1,0,0,0,0,benign,ISIC_0011341,0,True,True,2,0_True
ISIC_0000392.png,0,0,0,0,0,0,0,0,benign,ISIC_0000392,0,True,True,0,0_False
ISIC_0002476.png,0,1,1,0,0,0,1,0,benign,ISIC_0002476,0,True,True,3,0_True
ISIC_0000210.png,1,1,0,0,0,0,0,0,benign,ISIC_0000210,0,True,True,2,0_True
ISIC_0015942.png,0,0,1,0,1,1,0,0,benign,ISIC_0015942,0,True,True,3,0_True
ISIC_0000384.png,0,0,0,0,0,0,0,0,benign,ISIC_0000384,0,True,True,0,0_False
ISIC_0009895.png,0,0,0,0,0,0,0,0,benign,ISIC_0009895,0,True,True,0,0_False
ISIC_0014535.png,1,0,0,1,1,0,0,0,benign,ISIC_0014535,0,True,True,3,0_True
ISIC_0012697.png,0,1,1,0,1,1,0,0,benign,ISIC_0012697,0,True,True,4,0_True
ISIC_0000539.png,0,0,0,1,0,0,0,0,benign,ISIC_0000539,0,True,True,1,0_True
ISIC_0000149.png,0,0,0,0,1,0,0,1,malignant,ISIC_0000149,1,True,True,1,1_True
ISIC_0010444.png,0,1,0,0,0,0,0,0,benign,ISIC_0010444,0,True,True,1,0_True
ISIC_0014698.png,0,1,0,1,0,0,0,0,benign,ISIC_0014698,0,True,True,2,0_True
ISIC_0015115.png,0,1,0,1,0,0,0,1,malignant,ISIC_0015115,1,True,True,2,1_True
ISIC_0014693.png,1,1,0,1,0,0,0,0,benign,ISIC_0014693,0,True,True,3,0_True
ISIC_0016037.png,1,0,0,1,1,0,0,0,benign,ISIC_0016037,0,True,True,3,0_True
ISIC_0013972.png,1,1,0,0,0,0,0,1,malignant,ISIC_0013972,1,True,True,2,1_True
ISIC_0010570.png,0,1,0,1,0,0,0,0,benign,ISIC_0010570,0,True,True,2,0_True
ISIC_0014633.png,1,0,0,0,0,0,0,0,benign,ISIC_0014633,0,True,True,1,0_True
ISIC_0016038.png,0,0,1,1,1,1,0,0,benign,ISIC_0016038,0,True,True,4,0_True
ISIC_0000013.png,0,0,0,0,0,0,0,1,malignant,ISIC_0000013,1,True,True,0,1_False
ISIC_0012290.png,1,0,1,0,1,0,0,1,malignant,ISIC_0012290,1,True,True,3,1_True
ISIC_0015043.png,0,1,0,1,0,0,0,0,benign,ISIC_0015043,0,True,True,2,0_True
ISIC_0010248.png,0,1,0,1,0,0,0,0,benign,ISIC_0010248,0,True,True,2,0_True
ISIC_0000163.png,0,1,0,1,0,0,0,1,malignant,ISIC_0000163,1,True,True,2,1_True
ISIC_0000541.png,0,0,0,0,0,0,0,0,benign,ISIC_0000541,0,True,True,0,0_False
ISIC_0007038.png,1,0,0,0,0,0,1,0,benign,ISIC_0007038,0,True,True,2,0_True
ISIC_0012329.png,0,0,1,1,1,1,0,0,benign,ISIC_0012329,0,True,True,4,0_True
ISIC_0002353.png,0,1,1,0,0,0,1,0,benign,ISIC_0002353,0,True,True,3,0_True
ISIC_0001186.png,1,1,1,0,0,0,1,0,benign,ISIC_0001186,0,True,True,4,0_True
ISIC_0014623.png,1,0,0,1,0,0,0,0,benign,ISIC_0014623,0,True,True,2,0_True
ISIC_0013721.png,0,1,1,1,1,1,0,0,benign,ISIC_0013721,0,True,True,5,0_True
ISIC_0011294.png,0,1,0,0,0,0,0,0,benign,ISIC_0011294,0,True,True,1,0_True
ISIC_0013311.png,1,1,0,0,1,0,0,0,benign,ISIC_0013311,0,True,True,3,0_True
ISIC_0014808.png,0,1,0,1,0,0,0,0,benign,ISIC_0014808,0,True,True,2,0_True
ISIC_0014724.png,0,1,0,1,0,0,0,0,benign,ISIC_0014724,0,True,True,2,0_True
ISIC_0000017.png,0,0,0,1,0,0,0,0,benign,ISIC_0000017,0,True,True,1,0_True
ISIC_0009925.png,0,1,0,0,1,0,0,0,benign,ISIC_0009925,0,True,True,2,0_True
ISIC_0013879.png,1,0,0,1,1,1,0,0,benign,ISIC_0013879,0,True,True,4,0_True
ISIC_0002829.png,0,1,1,0,0,0,1,0,benign,ISIC_0002829,0,True,True,3,0_True
ISIC_0013996.png,1,1,0,0,1,1,0,0,benign,ISIC_0013996,0,True,True,4,0_True
ISIC_0013147.png,0,1,1,0,1,0,0,0,benign,ISIC_0013147,0,True,True,3,0_True
ISIC_0010173.png,0,1,0,0,0,0,0,0,benign,ISIC_0010173,0,True,True,1,0_True
ISIC_0013601.png,1,0,0,0,1,1,0,0,benign,ISIC_0013601,0,True,True,3,0_True
ISIC_0016042.png,1,1,0,1,1,0,0,0,benign,ISIC_0016042,0,True,True,4,0_True
ISIC_0012903.png,1,0,1,0,1,1,0,0,benign,ISIC_0012903,0,True,True,4,0_True
ISIC_0015144.png,0,1,0,1,1,0,0,0,benign,ISIC_0015144,0,True,True,3,0_True
ISIC_0013594.png,1,1,0,0,1,0,0,1,malignant,ISIC_0013594,1,True,True,3,1_True
ISIC_0000035.png,1,0,0,1,0,0,0,1,malignant,ISIC_0000035,1,True,True,2,1_True
ISIC_0000170.png,1,1,0,0,0,0,0,1,malignant,ISIC_0000170,1,True,True,2,1_True
ISIC_0011326.png,0,1,0,0,0,0,0,0,benign,ISIC_0011326,0,True,True,1,0_True
ISIC_0000198.png,0,0,0,0,0,0,0,0,benign,ISIC_0000198,0,True,True,0,0_False
ISIC_0014749.png,0,0,0,1,0,1,0,0,benign,ISIC_0014749,0,True,True,2,0_True
ISIC_0010025.png,0,1,0,0,1,0,0,0,benign,ISIC_0010025,0,True,True,2,0_True
ISIC_0011149.png,0,1,0,1,0,0,0,0,benign,ISIC_0011149,0,True,True,2,0_True
ISIC_0000456.png,0,1,0,0,1,0,0,0,benign,ISIC_0000456,0,True,True,2,0_True
ISIC_0013315.png,0,1,1,0,1,1,0,0,benign,ISIC_0013315,0,True,True,4,0_True
ISIC_0016055.png,1,1,0,0,1,0,0,0,benign,ISIC_0016055,0,True,True,3,0_True
ISIC_0001247.png,0,1,1,1,0,0,1,0,benign,ISIC_0001247,0,True,True,4,0_True
ISIC_0000055.png,0,1,0,0,0,0,0,0,benign,ISIC_0000055,0,True,True,1,0_True
ISIC_0012529.png,1,0,0,0,1,0,0,0,benign,ISIC_0012529,0,True,True,2,0_True
ISIC_0016063.png,1,0,0,1,1,0,0,0,benign,ISIC_0016063,0,True,True,3,0_True
ISIC_0000225.png,0,1,0,0,0,0,0,0,benign,ISIC_0000225,0,True,True,1,0_True
ISIC_0012965.png,0,0,1,0,1,1,0,0,benign,ISIC_0012965,0,True,True,3,0_True
ISIC_0011167.png,0,1,0,0,0,0,0,0,benign,ISIC_0011167,0,True,True,1,0_True
ISIC_0014836.png,0,1,0,1,0,0,0,0,benign,ISIC_0014836,0,True,True,2,0_True
ISIC_0000115.png,0,1,0,1,1,0,0,0,benign,ISIC_0000115,0,True,True,3,0_True
ISIC_0014779.png,0,1,0,1,0,0,0,0,benign,ISIC_0014779,0,True,True,2,0_True
ISIC_0013176.png,0,1,1,0,1,0,0,0,benign,ISIC_0013176,0,True,True,3,0_True
ISIC_0013201.png,0,0,1,0,1,1,0,0,benign,ISIC_0013201,0,True,True,3,0_True
ISIC_0010075.png,0,0,0,0,1,0,0,0,benign,ISIC_0010075,0,True,True,1,0_True
ISIC_0015952.png,0,0,1,0,1,1,0,0,benign,ISIC_0015952,0,True,True,3,0_True
ISIC_0009874.png,0,1,0,1,0,0,0,0,benign,ISIC_0009874,0,True,True,2,0_True
ISIC_0010604.png,0,1,0,1,0,0,0,0,benign,ISIC_0010604,0,True,True,2,0_True
ISIC_0013047.png,0,0,1,1,1,0,0,0,benign,ISIC_0013047,0,True,True,3,0_True
ISIC_0000540.png,0,0,0,1,0,0,0,0,benign,ISIC_0000540,0,True,True,1,0_True
ISIC_0000207.png,0,1,0,1,0,0,0,0,benign,ISIC_0000207,0,True,True,2,0_True
ISIC_0013094.png,0,1,1,0,1,1,0,0,benign,ISIC_0013094,0,True,True,4,0_True
ISIC_0000209.png,0,1,0,0,0,0,0,0,benign,ISIC_0000209,0,True,True,1,0_True
ISIC_0000287.png,1,0,0,0,1,0,0,1,malignant,ISIC_0000287,1,True,True,2,1_True
ISIC_0011088.png,0,1,0,0,1,0,0,0,benign,ISIC_0011088,0,True,True,2,0_True
ISIC_0010028.png,0,0,0,1,0,0,0,0,benign,ISIC_0010028,0,True,True,1,0_True
ISIC_0000105.png,0,0,0,1,0,0,0,0,benign,ISIC_0000105,0,True,True,1,0_True
ISIC_0012678.png,0,0,1,0,1,1,0,1,malignant,ISIC_0012678,1,True,True,3,1_True
ISIC_0000466.png,0,0,1,0,0,0,0,1,malignant,ISIC_0000466,1,True,True,1,1_True
ISIC_0014694.png,1,1,0,1,0,0,0,0,benign,ISIC_0014694,0,True,True,3,0_True
ISIC_0009879.png,0,0,0,0,0,0,0,0,benign,ISIC_0009879,0,True,True,0,0_False
ISIC_0009962.png,0,0,0,1,0,1,0,0,benign,ISIC_0009962,0,True,True,2,0_True
ISIC_0000258.png,1,0,0,0,1,0,0,0,benign,ISIC_0000258,0,True,True,2,0_True
ISIC_0010053.png,0,0,0,1,0,0,0,0,benign,ISIC_0010053,0,True,True,1,0_True
ISIC_0000221.png,0,1,0,1,0,0,0,0,benign,ISIC_0000221,0,True,True,2,0_True
ISIC_0010592.png,0,1,0,1,0,0,0,0,benign,ISIC_0010592,0,True,True,2,0_True
ISIC_0013580.png,1,0,1,0,0,1,0,0,benign,ISIC_0013580,0,True,True,3,0_True
ISIC_0000069.png,1,1,0,0,0,0,0,0,benign,ISIC_0000069,0,True,True,2,0_True
ISIC_0012382.png,0,1,1,0,1,0,0,1,malignant,ISIC_0012382,1,True,True,3,1_True
ISIC_0000108.png,0,1,0,1,0,0,0,0,benign,ISIC_0000108,0,True,True,2,0_True
ISIC_0000132.png,0,1,0,0,1,0,0,0,benign,ISIC_0000132,0,True,True,2,0_True
ISIC_0010006.png,0,1,0,1,1,0,0,0,benign,ISIC_0010006,0,True,True,3,0_True
ISIC_0014419.png,1,0,0,1,1,0,0,0,benign,ISIC_0014419,0,True,True,3,0_True
ISIC_0012281.png,0,1,1,0,1,1,0,0,benign,ISIC_0012281,0,True,True,4,0_True
ISIC_0013031.png,0,0,1,1,1,0,0,0,benign,ISIC_0013031,0,True,True,3,0_True
ISIC_0009990.png,0,1,0,1,0,0,0,0,benign,ISIC_0009990,0,True,True,2,0_True
ISIC_0014820.png,0,0,0,1,0,0,0,0,benign,ISIC_0014820,0,True,True,1,0_True
ISIC_0000343.png,1,1,1,0,0,0,0,0,benign,ISIC_0000343,0,True,True,3,0_True
ISIC_0010182.png,0,0,0,0,0,0,0,0,benign,ISIC_0010182,0,True,True,0,0_False
ISIC_0000202.png,0,1,0,1,0,0,0,0,benign,ISIC_0000202,0,True,True,2,0_True
ISIC_0008524.png,1,1,0,0,0,0,1,0,benign,ISIC_0008524,0,True,True,3,0_True
ISIC_0010063.png,0,1,0,1,0,0,0,0,benign,ISIC_0010063,0,True,True,2,0_True
ISIC_0012551.png,1,1,1,0,1,0,0,0,benign,ISIC_0012551,0,True,True,4,0_True
ISIC_0014778.png,0,1,0,1,0,0,0,0,benign,ISIC_0014778,0,True,True,2,0_True
ISIC_0014823.png,0,1,0,1,0,0,0,0,benign,ISIC_0014823,0,True,True,2,0_True
ISIC_0015190.png,0,1,0,0,0,0,0,1,malignant,ISIC_0015190,1,True,True,1,1_True
ISIC_0009988.png,0,1,0,1,0,0,0,0,benign,ISIC_0009988,0,True,True,2,0_True
ISIC_0014486.png,1,0,0,1,1,0,0,1,malignant,ISIC_0014486,1,True,True,3,1_True
ISIC_0013676.png,0,1,1,0,1,0,0,0,benign,ISIC_0013676,0,True,True,3,0_True
ISIC_0015436.png,0,1,0,1,0,0,0,0,benign,ISIC_0015436,0,True,True,2,0_True
ISIC_0012455.png,0,1,1,0,1,0,0,0,benign,ISIC_0012455,0,True,True,3,0_True
ISIC_0000543.png,0,0,0,1,0,0,0,0,benign,ISIC_0000543,0,True,True,1,0_True
ISIC_0010569.png,0,0,0,1,0,0,0,0,benign,ISIC_0010569,0,True,True,1,0_True
ISIC_0013794.png,0,0,1,1,1,1,0,0,benign,ISIC_0013794,0,True,True,4,0_True
ISIC_0012949.png,0,1,1,0,1,1,0,0,benign,ISIC_0012949,0,True,True,4,0_True
ISIC_0012672.png,0,0,1,0,1,1,0,0,benign,ISIC_0012672,0,True,True,3,0_True
ISIC_0008116.png,0,1,1,0,0,0,1,0,benign,ISIC_0008116,0,True,True,3,0_True
ISIC_0010477.png,0,0,0,1,0,0,0,0,benign,ISIC_0010477,0,True,True,1,0_True
ISIC_0000162.png,0,1,0,1,0,0,0,1,malignant,ISIC_0000162,1,True,True,2,1_True
ISIC_0000324.png,1,1,0,0,0,0,0,0,benign,ISIC_0000324,0,True,True,2,0_True
ISIC_0012155.png,0,0,1,0,1,0,0,0,benign,ISIC_0012155,0,True,True,2,0_True
ISIC_0015956.png,1,1,0,0,1,1,0,0,benign,ISIC_0015956,0,True,True,4,0_True
ISIC_0000192.png,0,1,0,1,0,0,0,0,benign,ISIC_0000192,0,True,True,2,0_True
ISIC_0013549.png,1,0,1,0,1,0,0,1,malignant,ISIC_0013549,1,True,True,3,1_True
ISIC_0012258.png,0,0,1,0,1,1,0,1,malignant,ISIC_0012258,1,True,True,3,1_True
ISIC_0000306.png,1,1,0,0,0,0,0,1,malignant,ISIC_0000306,1,True,True,2,1_True
ISIC_0014844.png,0,1,0,1,0,0,0,0,benign,ISIC_0014844,0,True,True,2,0_True
ISIC_0014966.png,0,0,0,1,0,0,0,0,benign,ISIC_0014966,0,True,True,1,0_True
ISIC_0011105.png,0,0,0,1,0,0,0,0,benign,ISIC_0011105,0,True,True,1,0_True
ISIC_0012208.png,0,0,1,1,1,0,0,1,malignant,ISIC_0012208,1,True,True,3,1_True
ISIC_0000104.png,1,1,0,1,1,0,0,0,benign,ISIC_0000104,0,True,True,4,0_True
ISIC_0012090.png,1,0,0,1,1,0,0,0,benign,ISIC_0012090,0,True,True,3,0_True
ISIC_0009967.png,1,0,0,0,1,0,0,0,benign,ISIC_0009967,0,True,True,2,0_True
ISIC_0014684.png,0,1,0,1,0,0,0,0,benign,ISIC_0014684,0,True,True,2,0_True
ISIC_0010178.png,0,0,0,0,1,0,0,0,benign,ISIC_0010178,0,True,True,1,0_True
ISIC_0013393.png,1,0,1,1,1,1,0,0,benign,ISIC_0013393,0,True,True,5,0_True
ISIC_0001374.png,0,1,1,0,0,0,1,0,benign,ISIC_0001374,0,True,True,3,0_True
ISIC_0012957.png,0,0,1,0,1,0,0,0,benign,ISIC_0012957,0,True,True,2,0_True
ISIC_0007475.png,0,1,1,0,0,0,1,0,benign,ISIC_0007475,0,True,True,3,0_True
ISIC_0013037.png,1,0,0,0,0,0,0,0,benign,ISIC_0013037,0,True,True,1,0_True
ISIC_0016009.png,1,1,0,0,1,0,0,0,benign,ISIC_0016009,0,True,True,3,0_True
ISIC_0000140.png,1,1,0,1,1,0,0,1,malignant,ISIC_0000140,1,True,True,4,1_True
ISIC_0012680.png,0,1,1,0,1,1,0,0,benign,ISIC_0012680,0,True,True,4,0_True
ISIC_0000332.png,1,1,0,0,0,0,0,0,benign,ISIC_0000332,0,True,True,2,0_True
ISIC_0013523.png,1,1,0,1,1,1,0,0,benign,ISIC_0013523,0,True,True,5,0_True
ISIC_0013159.png,0,0,1,0,1,1,0,0,benign,ISIC_0013159,0,True,True,3,0_True
ISIC_0011334.png,0,0,0,0,1,0,0,1,malignant,ISIC_0011334,1,True,True,1,1_True
ISIC_0012348.png,0,0,1,0,1,0,0,1,malignant,ISIC_0012348,1,True,True,2,1_True
ISIC_0000085.png,0,0,0,1,1,0,0,0,benign,ISIC_0000085,0,True,True,2,0_True
ISIC_0010037.png,0,0,0,1,0,0,0,0,benign,ISIC_0010037,0,True,True,1,0_True
ISIC_0000172.png,0,1,0,1,0,0,0,1,malignant,ISIC_0000172,1,True,True,2,1_True
ISIC_0009891.png,0,0,0,0,1,0,0,0,benign,ISIC_0009891,0,True,True,1,0_True
ISIC_0001103.png,0,1,0,1,0,0,0,1,malignant,ISIC_0001103,1,True,True,2,1_True
ISIC_0014603.png,1,0,0,1,0,0,0,0,benign,ISIC_0014603,0,True,True,2,0_True
ISIC_0000264.png,0,1,0,0,0,0,0,0,benign,ISIC_0000264,0,True,True,1,0_True
ISIC_0014274.png,1,1,0,1,1,0,0,0,benign,ISIC_0014274,0,True,True,4,0_True
ISIC_0000556.png,0,0,0,0,0,0,0,0,benign,ISIC_0000556,0,True,True,0,0_False
ISIC_0006612.png,1,1,1,0,0,0,1,0,benign,ISIC_0006612,0,True,True,4,0_True
ISIC_0013405.png,0,0,1,1,1,0,0,0,benign,ISIC_0013405,0,True,True,3,0_True
ISIC_0008552.png,1,1,0,0,0,0,1,0,benign,ISIC_0008552,0,True,True,3,0_True
ISIC_0001385.png,0,1,1,0,0,0,1,0,benign,ISIC_0001385,0,True,True,3,0_True
ISIC_0010032.png,0,0,0,1,1,0,0,0,benign,ISIC_0010032,0,True,True,2,0_True
ISIC_0000211.png,0,1,0,1,0,0,0,0,benign,ISIC_0000211,0,True,True,2,0_True
ISIC_0000367.png,1,1,0,0,0,0,0,0,benign,ISIC_0000367,0,True,True,2,0_True
ISIC_0015957.png,1,0,0,1,1,0,0,0,benign,ISIC_0015957,0,True,True,3,0_True
ISIC_0012284.png,0,1,1,0,1,0,0,0,benign,ISIC_0012284,0,True,True,3,0_True
ISIC_0013842.png,1,0,0,0,1,0,0,1,malignant,ISIC_0013842,1,True,True,2,1_True
ISIC_0011225.png,1,0,0,0,1,0,0,0,benign,ISIC_0011225,0,True,True,2,0_True
ISIC_0012272.png,1,0,0,1,1,0,0,0,benign,ISIC_0012272,0,True,True,3,0_True
ISIC_0013385.png,1,1,1,1,1,0,0,0,benign,ISIC_0013385,0,True,True,5,0_True
ISIC_0013146.png,0,0,1,0,1,0,0,0,benign,ISIC_0013146,0,True,True,2,0_True
ISIC_0010851.png,0,0,0,1,0,0,0,0,benign,ISIC_0010851,0,True,True,1,0_True
ISIC_0010202.png,0,1,0,1,0,0,0,0,benign,ISIC_0010202,0,True,True,2,0_True
ISIC_0010327.png,1,1,0,0,1,0,0,0,benign,ISIC_0010327,0,True,True,3,0_True
ISIC_0013411.png,1,0,1,0,1,1,0,1,malignant,ISIC_0013411,1,True,True,4,1_True
ISIC_0015958.png,1,0,0,0,1,1,0,0,benign,ISIC_0015958,0,True,True,3,0_True
ISIC_0013982.png,1,0,1,1,1,1,0,0,benign,ISIC_0013982,0,True,True,5,0_True
ISIC_0014745.png,0,0,0,1,0,0,0,0,benign,ISIC_0014745,0,True,True,1,0_True
ISIC_0000434.png,0,0,0,0,0,0,0,1,malignant,ISIC_0000434,1,True,True,0,1_False
ISIC_0000253.png,1,1,0,0,0,0,0,0,benign,ISIC_0000253,0,True,True,2,0_True
ISIC_0010205.png,0,1,1,1,0,0,0,0,benign,ISIC_0010205,0,True,True,3,0_True
ISIC_0000508.png,0,1,0,1,0,0,0,0,benign,ISIC_0000508,0,True,True,2,0_True
ISIC_0000515.png,0,0,0,0,0,0,0,0,benign,ISIC_0000515,0,True,True,0,0_False
ISIC_0010204.png,0,0,0,1,0,0,0,0,benign,ISIC_0010204,0,True,True,1,0_True
ISIC_0010247.png,0,0,0,0,1,0,0,0,benign,ISIC_0010247,0,True,True,1,0_True
ISIC_0014229.png,1,0,0,0,1,0,0,1,malignant,ISIC_0014229,1,True,True,2,1_True
ISIC_0000214.png,0,1,0,1,0,0,0,0,benign,ISIC_0000214,0,True,True,2,0_True
ISIC_0002469.png,0,1,1,0,0,0,1,0,benign,ISIC_0002469,0,True,True,3,0_True
ISIC_0000458.png,0,1,0,0,1,0,0,0,benign,ISIC_0000458,0,True,True,2,0_True
ISIC_0015057.png,0,1,0,1,0,0,0,0,benign,ISIC_0015057,0,True,True,2,0_True
ISIC_0011171.png,0,1,0,0,0,0,0,0,benign,ISIC_0011171,0,True,True,1,0_True
ISIC_0000465.png,0,1,0,0,0,0,0,0,benign,ISIC_0000465,0,True,True,1,0_True
ISIC_0012740.png,0,1,1,1,1,1,0,0,benign,ISIC_0012740,0,True,True,5,0_True
ISIC_0000471.png,0,1,0,0,0,0,0,0,benign,ISIC_0000471,0,True,True,1,0_True
ISIC_0012413.png,0,1,1,0,1,0,0,0,benign,ISIC_0012413,0,True,True,3,0_True
ISIC_0014162.png,1,0,0,0,1,0,0,0,benign,ISIC_0014162,0,True,True,2,0_True
ISIC_0011204.png,0,1,0,1,1,0,0,0,benign,ISIC_0011204,0,True,True,3,0_True
ISIC_0011305.png,0,0,0,1,0,0,0,1,malignant,ISIC_0011305,1,True,True,1,1_True
ISIC_0015995.png,0,0,1,0,1,0,0,0,benign,ISIC_0015995,0,True,True,2,0_True
ISIC_0015636.png,1,0,0,1,0,0,0,0,benign,ISIC_0015636,0,True,True,2,0_True
ISIC_0012266.png,0,0,1,1,1,1,0,0,benign,ISIC_0012266,0,True,True,4,0_True
ISIC_0013134.png,1,0,1,0,1,1,0,0,benign,ISIC_0013134,0,True,True,4,0_True
ISIC_0013512.png,0,0,1,1,1,1,0,0,benign,ISIC_0013512,0,True,True,4,0_True
ISIC_0012137.png,0,0,1,1,1,0,0,1,malignant,ISIC_0012137,1,True,True,3,1_True
ISIC_0012742.png,0,1,1,1,1,1,0,0,benign,ISIC_0012742,0,True,True,5,0_True
ISIC_0012107.png,1,1,0,1,1,0,0,0,benign,ISIC_0012107,0,True,True,4,0_True
ISIC_0000066.png,0,1,0,0,0,0,0,0,benign,ISIC_0000066,0,True,True,1,0_True
ISIC_0013053.png,1,0,1,1,1,0,0,0,benign,ISIC_0013053,0,True,True,4,0_True
ISIC_0000100.png,1,1,0,0,1,0,0,0,benign,ISIC_0000100,0,True,True,3,0_True
ISIC_0000208.png,0,0,0,0,0,0,0,0,benign,ISIC_0000208,0,True,True,0,0_False
ISIC_0013244.png,0,1,1,1,1,0,0,0,benign,ISIC_0013244,0,True,True,4,0_True
ISIC_0013529.png,1,0,1,1,1,1,0,0,benign,ISIC_0013529,0,True,True,5,0_True
ISIC_0001372.png,0,0,1,0,0,0,1,0,benign,ISIC_0001372,0,True,True,2,0_True
ISIC_0014637.png,1,0,0,0,0,0,0,0,benign,ISIC_0014637,0,True,True,1,0_True
ISIC_0000269.png,1,1,0,0,0,0,0,0,benign,ISIC_0000269,0,True,True,2,0_True
ISIC_0012823.png,1,0,1,1,1,0,0,0,benign,ISIC_0012823,0,True,True,4,0_True
ISIC_0009993.png,0,0,0,1,0,0,0,1,malignant,ISIC_0009993,1,True,True,1,1_True
ISIC_0000499.png,0,1,0,0,1,1,0,0,benign,ISIC_0000499,0,True,True,3,0_True
ISIC_0010061.png,0,1,0,0,1,0,0,0,benign,ISIC_0010061,0,True,True,2,0_True
ISIC_0013626.png,1,1,0,0,1,0,0,1,malignant,ISIC_0013626,1,True,True,3,1_True
ISIC_0014697.png,0,1,0,1,0,0,0,0,benign,ISIC_0014697,0,True,True,2,0_True
ISIC_0009504.png,1,1,0,0,0,0,1,0,benign,ISIC_0009504,0,True,True,3,0_True
ISIC_0013178.png,0,0,1,0,1,1,0,0,benign,ISIC_0013178,0,True,True,3,0_True
ISIC_0010361.png,0,1,0,0,0,0,0,0,benign,ISIC_0010361,0,True,True,1,0_True
ISIC_0014945.png,0,1,0,1,0,0,0,0,benign,ISIC_0014945,0,True,True,2,0_True
ISIC_0014190.png,1,0,0,1,1,0,0,1,malignant,ISIC_0014190,1,True,True,3,1_True
ISIC_0013695.png,1,0,1,0,1,0,0,0,benign,ISIC_0013695,0,True,True,3,0_True
ISIC_0000166.png,0,1,0,1,0,0,0,1,malignant,ISIC_0000166,1,True,True,2,1_True
ISIC_0000097.png,1,1,0,1,1,0,0,0,benign,ISIC_0000097,0,True,True,4,0_True
ISIC_0011164.png,0,0,0,0,1,0,0,0,benign,ISIC_0011164,0,True,True,1,0_True
ISIC_0013378.png,0,0,1,0,1,1,0,0,benign,ISIC_0013378,0,True,True,3,0_True
ISIC_0011219.png,0,1,0,0,1,0,0,0,benign,ISIC_0011219,0,True,True,2,0_True
ISIC_0009252.png,0,1,1,0,0,0,1,0,benign,ISIC_0009252,0,True,True,3,0_True
ISIC_0010251.png,0,0,0,0,1,0,0,1,malignant,ISIC_0010251,1,True,True,1,1_True
ISIC_0008541.png,1,0,0,0,0,0,1,0,benign,ISIC_0008541,0,True,True,2,0_True
ISIC_0014171.png,1,1,0,0,1,0,0,1,malignant,ISIC_0014171,1,True,True,3,1_True
ISIC_0009188.png,1,1,0,0,0,0,1,0,benign,ISIC_0009188,0,True,True,3,0_True
ISIC_0011107.png,0,0,0,0,0,0,0,0,benign,ISIC_0011107,0,True,True,0,0_False
ISIC_0001242.png,1,1,0,0,0,0,1,0,benign,ISIC_0001242,0,True,True,3,0_True
ISIC_0011117.png,0,0,0,1,0,1,0,0,benign,ISIC_0011117,0,True,True,2,0_True
ISIC_0014457.png,1,0,0,1,1,0,0,0,benign,ISIC_0014457,0,True,True,3,0_True
ISIC_0012134.png,0,1,1,1,1,0,0,0,benign,ISIC_0012134,0,True,True,4,0_True
ISIC_0012259.png,0,1,1,0,1,0,0,0,benign,ISIC_0012259,0,True,True,3,0_True
ISIC_0013356.png,0,0,1,0,1,1,0,0,benign,ISIC_0013356,0,True,True,3,0_True
ISIC_0011300.png,0,1,0,1,0,0,0,0,benign,ISIC_0011300,0,True,True,2,0_True
ISIC_0014543.png,1,0,0,1,1,0,0,1,malignant,ISIC_0014543,1,True,True,3,1_True
ISIC_0013383.png,0,1,1,0,1,0,0,0,benign,ISIC_0013383,0,True,True,3,0_True
ISIC_0015980.png,0,1,1,0,1,1,0,0,benign,ISIC_0015980,0,True,True,4,0_True
ISIC_0012976.png,0,0,1,1,1,0,0,0,benign,ISIC_0012976,0,True,True,3,0_True
ISIC_0006651.png,0,1,1,0,0,0,1,0,benign,ISIC_0006651,0,True,True,3,0_True
ISIC_0014771.png,0,1,0,1,0,0,0,0,benign,ISIC_0014771,0,True,True,2,0_True
ISIC_0013455.png,1,0,0,0,1,1,0,1,malignant,ISIC_0013455,1,True,True,3,1_True
ISIC_0013333.png,1,0,1,1,1,0,1,0,benign,ISIC_0013333,0,True,True,5,0_True
ISIC_0015481.png,0,1,0,1,0,0,0,0,benign,ISIC_0015481,0,True,True,2,0_True
ISIC_0000099.png,0,0,1,1,1,0,0,0,benign,ISIC_0000099,0,True,True,3,0_True
ISIC_0000042.png,0,1,0,0,0,0,0,0,benign,ISIC_0000042,0,True,True,1,0_True
ISIC_0011303.png,0,1,0,0,1,0,0,0,benign,ISIC_0011303,0,True,True,2,0_True
ISIC_0013229.png,1,0,0,0,1,0,1,0,benign,ISIC_0013229,0,True,True,3,0_True
ISIC_0015965.png,1,0,0,1,1,0,0,0,benign,ISIC_0015965,0,True,True,3,0_True
ISIC_0016054.png,1,0,0,1,1,0,0,0,benign,ISIC_0016054,0,True,True,3,0_True
ISIC_0013329.png,0,0,1,0,1,1,0,0,benign,ISIC_0013329,0,True,True,3,0_True
ISIC_0014943.png,0,0,0,1,1,0,0,0,benign,ISIC_0014943,0,True,True,2,0_True
ISIC_0013762.png,1,0,1,0,1,1,0,1,malignant,ISIC_0013762,1,True,True,4,1_True
ISIC_0014857.png,0,1,0,1,0,0,0,1,malignant,ISIC_0014857,1,True,True,2,1_True
ISIC_0013917.png,0,0,1,1,1,1,0,1,malignant,ISIC_0013917,1,True,True,4,1_True
ISIC_0009909.png,0,1,0,0,0,0,0,0,benign,ISIC_0009909,0,True,True,1,0_True
ISIC_0011390.png,0,0,0,1,0,0,0,1,malignant,ISIC_0011390,1,True,True,1,1_True
ISIC_0011143.png,0,1,0,0,0,0,0,0,benign,ISIC_0011143,0,True,True,1,0_True
ISIC_0015510.png,0,0,0,1,1,0,0,0,benign,ISIC_0015510,0,True,True,2,0_True
ISIC_0012203.png,0,1,1,0,1,1,0,0,benign,ISIC_0012203,0,True,True,4,0_True
ISIC_0010043.png,0,1,0,1,1,0,0,0,benign,ISIC_0010043,0,True,True,3,0_True
ISIC_0013155.png,1,1,1,0,1,1,0,0,benign,ISIC_0013155,0,True,True,5,0_True
ISIC_0012159.png,0,0,1,1,1,0,0,0,benign,ISIC_0012159,0,True,True,3,0_True
ISIC_0000001.png,0,1,0,1,0,0,0,0,benign,ISIC_0000001,0,True,True,2,0_True
ISIC_0012108.png,1,1,0,1,1,0,0,0,benign,ISIC_0012108,0,True,True,4,0_True
ISIC_0009928.png,0,0,0,1,0,0,0,0,benign,ISIC_0009928,0,True,True,1,0_True
ISIC_0009975.png,0,0,0,1,0,0,0,0,benign,ISIC_0009975,0,True,True,1,0_True
ISIC_0000155.png,1,0,0,1,1,0,0,1,malignant,ISIC_0000155,1,True,True,3,1_True
ISIC_0001148.png,0,0,0,0,0,0,0,1,malignant,ISIC_0001148,1,True,True,0,1_False
ISIC_0013961.png,1,1,0,1,1,1,0,0,benign,ISIC_0013961,0,True,True,5,0_True
ISIC_0010850.png,0,1,0,0,1,0,0,0,benign,ISIC_0010850,0,True,True,2,0_True
ISIC_0014987.png,0,1,0,1,0,0,0,1,malignant,ISIC_0014987,1,True,True,2,1_True
ISIC_0009914.png,0,0,0,1,0,0,0,0,benign,ISIC_0009914,0,True,True,1,0_True
ISIC_0010346.png,0,1,0,0,0,0,0,0,benign,ISIC_0010346,0,True,True,1,0_True
ISIC_0014580.png,1,1,0,0,0,0,1,0,benign,ISIC_0014580,0,True,True,3,0_True
ISIC_0012495.png,1,0,0,0,1,0,0,0,benign,ISIC_0012495,0,True,True,2,0_True
ISIC_0012701.png,0,0,1,0,1,1,0,1,malignant,ISIC_0012701,1,True,True,3,1_True
ISIC_0009896.png,0,0,0,0,1,0,0,0,benign,ISIC_0009896,0,True,True,1,0_True
ISIC_0014527.png,1,1,0,0,1,0,0,1,malignant,ISIC_0014527,1,True,True,3,1_True
ISIC_0014821.png,0,0,0,1,0,0,0,0,benign,ISIC_0014821,0,True,True,1,0_True
ISIC_0010494.png,0,1,0,0,1,0,0,0,benign,ISIC_0010494,0,True,True,2,0_True
ISIC_0000021.png,0,1,0,0,0,1,0,0,benign,ISIC_0000021,0,True,True,2,0_True
ISIC_0000101.png,1,1,0,1,1,0,0,0,benign,ISIC_0000101,0,True,True,4,0_True
ISIC_0000181.png,0,1,0,1,0,0,0,0,benign,ISIC_0000181,0,True,True,2,0_True
ISIC_0010606.png,0,0,0,0,1,0,0,0,benign,ISIC_0010606,0,True,True,1,0_True
ISIC_0011315.png,0,1,0,0,0,0,0,1,malignant,ISIC_0011315,1,True,True,1,1_True
ISIC_0009980.png,0,1,0,1,0,0,0,0,benign,ISIC_0009980,0,True,True,2,0_True
ISIC_0013670.png,1,0,0,1,0,0,0,0,benign,ISIC_0013670,0,True,True,2,0_True
ISIC_0012338.png,0,1,1,0,1,1,0,0,benign,ISIC_0012338,0,True,True,4,0_True
ISIC_0013472.png,1,0,0,0,1,0,0,1,malignant,ISIC_0013472,1,True,True,2,1_True
ISIC_0013977.png,1,1,0,1,0,1,0,0,benign,ISIC_0013977,0,True,True,4,0_True
ISIC_0010062.png,0,1,0,1,0,0,0,0,benign,ISIC_0010062,0,True,True,2,0_True
ISIC_0000043.png,1,1,0,0,0,0,0,1,malignant,ISIC_0000043,1,True,True,2,1_True
ISIC_0010212.png,0,1,0,1,0,0,0,0,benign,ISIC_0010212,0,True,True,2,0_True
ISIC_0008992.png,1,1,0,0,0,0,1,0,benign,ISIC_0008992,0,True,True,3,0_True
ISIC_0013065.png,1,0,0,0,1,1,1,0,benign,ISIC_0013065,0,True,True,4,0_True
ISIC_0014680.png,0,1,0,1,0,0,0,0,benign,ISIC_0014680,0,True,True,2,0_True
ISIC_0014506.png,1,0,0,1,1,0,0,1,malignant,ISIC_0014506,1,True,True,3,1_True
ISIC_0010171.png,0,1,0,0,1,0,0,1,malignant,ISIC_0010171,1,True,True,2,1_True
ISIC_0000542.png,0,1,0,0,0,0,0,0,benign,ISIC_0000542,0,True,True,1,0_True
ISIC_0013886.png,1,0,0,1,1,1,0,0,benign,ISIC_0013886,0,True,True,4,0_True
ISIC_0001769.png,0,1,1,0,0,0,1,0,benign,ISIC_0001769,0,True,True,3,0_True
ISIC_0014586.png,0,0,0,0,1,0,0,0,benign,ISIC_0014586,0,True,True,1,0_True
ISIC_0015989.png,0,0,1,0,1,1,0,0,benign,ISIC_0015989,0,True,True,3,0_True
ISIC_0011097.png,0,0,0,0,1,0,0,0,benign,ISIC_0011097,0,True,True,1,0_True
ISIC_0011158.png,1,1,0,0,1,0,0,1,malignant,ISIC_0011158,1,True,True,3,1_True
ISIC_0015179.png,0,1,0,1,0,0,0,0,benign,ISIC_0015179,0,True,True,2,0_True
ISIC_0000011.png,1,1,0,0,0,0,0,0,benign,ISIC_0000011,0,True,True,2,0_True
ISIC_0013888.png,1,0,0,1,1,1,0,0,benign,ISIC_0013888,0,True,True,4,0_True
ISIC_0014357.png,1,1,0,1,1,0,0,1,malignant,ISIC_0014357,1,True,True,4,1_True
ISIC_0012325.png,0,0,1,1,1,1,0,0,benign,ISIC_0012325,0,True,True,4,0_True
ISIC_0016024.png,1,0,0,0,1,0,0,0,benign,ISIC_0016024,0,True,True,2,0_True
ISIC_0011373.png,0,0,0,1,0,0,0,0,benign,ISIC_0011373,0,True,True,1,0_True
ISIC_0012390.png,0,0,1,1,1,1,0,0,benign,ISIC_0012390,0,True,True,4,0_True
ISIC_0000330.png,1,1,0,1,0,0,0,0,benign,ISIC_0000330,0,True,True,3,0_True
ISIC_0009935.png,0,1,0,1,0,0,0,0,benign,ISIC_0009935,0,True,True,2,0_True
ISIC_0000216.png,0,1,0,1,0,0,0,0,benign,ISIC_0000216,0,True,True,2,0_True
ISIC_0000157.png,0,1,0,1,0,0,0,1,malignant,ISIC_0000157,1,True,True,2,1_True
ISIC_0010467.png,0,1,0,0,1,0,0,0,benign,ISIC_0010467,0,True,True,2,0_True
ISIC_0015953.png,0,1,1,1,1,1,0,0,benign,ISIC_0015953,0,True,True,5,0_True
ISIC_0015007.png,0,0,0,1,0,0,0,0,benign,ISIC_0015007,0,True,True,1,0_True
ISIC_0014642.png,1,0,0,1,0,0,0,0,benign,ISIC_0014642,0,True,True,2,0_True
ISIC_0014791.png,0,1,0,1,0,0,0,0,benign,ISIC_0014791,0,True,True,2,0_True
ISIC_0015941.png,0,1,1,0,1,0,0,0,benign,ISIC_0015941,0,True,True,3,0_True
ISIC_0012282.png,1,1,0,1,1,1,0,0,benign,ISIC_0012282,0,True,True,5,0_True
ISIC_0010056.png,0,0,0,1,0,0,0,1,malignant,ISIC_0010056,1,True,True,1,1_True
ISIC_0015466.png,0,1,0,1,0,0,0,0,benign,ISIC_0015466,0,True,True,2,0_True
ISIC_0000260.png,0,1,0,0,0,0,0,0,benign,ISIC_0000260,0,True,True,1,0_True
ISIC_0010002.png,0,1,0,1,0,0,0,0,benign,ISIC_0010002,0,True,True,2,0_True
ISIC_0014800.png,0,0,0,1,0,0,0,1,malignant,ISIC_0014800,1,True,True,1,1_True
ISIC_0012450.png,1,1,1,0,1,0,0,1,malignant,ISIC_0012450,1,True,True,4,1_True
ISIC_0000111.png,0,1,0,1,1,0,0,0,benign,ISIC_0000111,0,True,True,3,0_True
ISIC_0000119.png,0,1,0,1,0,0,0,0,benign,ISIC_0000119,0,True,True,2,0_True
ISIC_0014982.png,0,0,0,1,0,0,0,1,malignant,ISIC_0014982,1,True,True,1,1_True
ISIC_0010055.png,0,1,0,0,0,0,0,0,benign,ISIC_0010055,0,True,True,1,0_True
ISIC_0015132.png,0,1,0,1,0,0,0,1,malignant,ISIC_0015132,1,True,True,2,1_True
ISIC_0011223.png,0,0,0,1,0,0,0,0,benign,ISIC_0011223,0,True,True,1,0_True
ISIC_0015139.png,0,1,0,1,1,0,0,0,benign,ISIC_0015139,0,True,True,3,0_True
ISIC_0012391.png,0,0,1,0,1,0,0,1,malignant,ISIC_0012391,1,True,True,2,1_True
ISIC_0003346.png,1,0,0,1,0,0,1,0,benign,ISIC_0003346,0,True,True,3,0_True
ISIC_0011374.png,0,1,0,0,0,0,0,1,malignant,ISIC_0011374,1,True,True,1,1_True
ISIC_0010231.png,1,0,0,1,1,0,0,1,malignant,ISIC_0010231,1,True,True,3,1_True
ISIC_0004985.png,1,1,0,0,0,0,1,0,benign,ISIC_0004985,0,True,True,3,0_True
ISIC_0015158.png,0,0,0,1,0,0,0,0,benign,ISIC_0015158,0,True,True,1,0_True
ISIC_0012889.png,1,0,1,0,1,1,0,0,benign,ISIC_0012889,0,True,True,4,0_True
ISIC_0010374.png,1,1,0,1,1,0,0,0,benign,ISIC_0010374,0,True,True,4,0_True
ISIC_0014658.png,0,1,0,1,0,0,0,0,benign,ISIC_0014658,0,True,True,2,0_True
ISIC_0012676.png,0,0,1,0,1,1,0,0,benign,ISIC_0012676,0,True,True,3,0_True
ISIC_0011120.png,0,0,0,1,0,0,0,0,benign,ISIC_0011120,0,True,True,1,0_True
ISIC_0012661.png,0,1,1,0,1,1,0,0,benign,ISIC_0012661,0,True,True,4,0_True
ISIC_0013072.png,0,0,1,0,1,0,0,1,malignant,ISIC_0013072,1,True,True,2,1_True
ISIC_0015445.png,0,0,1,0,0,0,0,0,benign,ISIC_0015445,0,True,True,1,0_True
ISIC_0012671.png,0,0,1,1,1,0,0,0,benign,ISIC_0012671,0,True,True,3,0_True
ISIC_0011213.png,0,1,0,0,0,0,0,0,benign,ISIC_0011213,0,True,True,1,0_True
ISIC_0013492.png,0,0,1,0,1,0,0,0,benign,ISIC_0013492,0,True,True,2,0_True
ISIC_0015951.png,0,1,1,0,1,1,0,0,benign,ISIC_0015951,0,True,True,4,0_True
ISIC_0013819.png,0,1,1,0,1,1,0,0,benign,ISIC_0013819,0,True,True,4,0_True
ISIC_0000486.png,0,1,0,0,0,0,0,0,benign,ISIC_0000486,0,True,True,1,0_True
ISIC_0009934.png,0,0,0,1,0,0,0,1,malignant,ISIC_0009934,1,True,True,1,1_True
ISIC_0000218.png,0,1,0,1,0,0,0,0,benign,ISIC_0000218,0,True,True,2,0_True
ISIC_0013953.png,1,1,0,1,1,0,0,1,malignant,ISIC_0013953,1,True,True,4,1_True
ISIC_0015026.png,0,1,0,1,0,0,0,0,benign,ISIC_0015026,0,True,True,2,0_True
ISIC_0000263.png,0,1,0,0,0,0,0,0,benign,ISIC_0000263,0,True,True,1,0_True
ISIC_0013488.png,0,1,1,0,1,0,0,0,benign,ISIC_0013488,0,True,True,3,0_True
ISIC_0012256.png,1,0,1,0,1,0,0,0,benign,ISIC_0012256,0,True,True,3,0_True
ISIC_0014947.png,0,1,0,1,1,0,0,0,benign,ISIC_0014947,0,True,True,3,0_True
ISIC_0013428.png,1,0,0,0,1,0,0,0,benign,ISIC_0013428,0,True,True,2,0_True
ISIC_0014149.png,1,0,0,1,1,0,0,0,benign,ISIC_0014149,0,True,True,3,0_True
ISIC_0008659.png,1,1,0,0,0,0,1,0,benign,ISIC_0008659,0,True,True,3,0_True
ISIC_0013987.png,0,0,1,0,1,1,0,1,malignant,ISIC_0013987,1,True,True,3,1_True
ISIC_0000123.png,0,1,0,1,1,0,0,0,benign,ISIC_0000123,0,True,True,3,0_True
ISIC_0000014.png,1,0,0,1,0,0,0,0,benign,ISIC_0000014,0,True,True,2,0_True
ISIC_0014632.png,1,0,0,1,0,0,0,0,benign,ISIC_0014632,0,True,True,2,0_True
ISIC_0013983.png,0,1,1,1,1,1,0,0,benign,ISIC_0013983,0,True,True,5,0_True
ISIC_0014542.png,1,1,0,1,1,0,0,1,malignant,ISIC_0014542,1,True,True,4,1_True
ISIC_0010069.png,0,0,0,1,0,0,0,0,benign,ISIC_0010069,0,True,True,1,0_True
ISIC_0011210.png,0,1,0,0,1,0,0,1,malignant,ISIC_0011210,1,True,True,2,1_True
ISIC_0000448.png,0,1,0,0,1,0,0,0,benign,ISIC_0000448,0,True,True,2,0_True
ISIC_0000156.png,0,1,0,1,1,0,0,1,malignant,ISIC_0000156,1,True,True,3,1_True
ISIC_0001216.png,1,1,0,0,0,0,1,0,benign,ISIC_0001216,0,True,True,3,0_True
ISIC_0000154.png,1,0,0,0,1,0,0,1,malignant,ISIC_0000154,1,True,True,2,1_True
ISIC_0015224.png,0,1,0,1,0,0,0,0,benign,ISIC_0015224,0,True,True,2,0_True
ISIC_0013216.png,1,0,1,1,1,1,0,0,benign,ISIC_0013216,0,True,True,5,0_True
ISIC_0000268.png,0,1,0,0,1,0,0,0,benign,ISIC_0000268,0,True,True,2,0_True
ISIC_0015130.png,0,1,0,1,0,0,0,0,benign,ISIC_0015130,0,True,True,2,0_True
ISIC_0008396.png,1,1,0,0,0,0,1,0,benign,ISIC_0008396,0,True,True,3,0_True
ISIC_0011157.png,0,0,0,0,0,0,0,0,benign,ISIC_0011157,0,True,True,0,0_False
ISIC_0010177.png,0,0,0,0,1,0,0,0,benign,ISIC_0010177,0,True,True,1,0_True
ISIC_0012897.png,1,0,0,0,1,1,0,0,benign,ISIC_0012897,0,True,True,3,0_True
ISIC_0013249.png,1,1,1,0,1,1,0,0,benign,ISIC_0013249,0,True,True,5,0_True
ISIC_0014661.png,0,0,0,1,0,0,0,0,benign,ISIC_0014661,0,True,True,1,0_True
ISIC_0009966.png,0,1,0,0,1,0,0,0,benign,ISIC_0009966,0,True,True,2,0_True
ISIC_0009953.png,0,1,0,1,0,0,0,0,benign,ISIC_0009953,0,True,True,2,0_True
ISIC_0012442.png,0,1,1,0,1,0,0,0,benign,ISIC_0012442,0,True,True,3,0_True
ISIC_0014219.png,1,0,0,1,1,0,0,1,malignant,ISIC_0014219,1,True,True,3,1_True
ISIC_0014640.png,1,0,0,1,0,0,0,0,benign,ISIC_0014640,0,True,True,2,0_True
ISIC_0013835.png,1,0,0,1,1,1,0,0,benign,ISIC_0013835,0,True,True,4,0_True
ISIC_0000473.png,0,1,1,0,1,0,0,0,benign,ISIC_0000473,0,True,True,3,0_True
ISIC_0015167.png,0,0,0,1,0,0,0,1,malignant,ISIC_0015167,1,True,True,1,1_True
ISIC_0011119.png,0,0,0,1,0,0,0,0,benign,ISIC_0011119,0,True,True,1,0_True
ISIC_0000387.png,0,1,0,0,0,0,0,0,benign,ISIC_0000387,0,True,True,1,0_True
ISIC_0000060.png,0,1,0,0,0,0,0,0,benign,ISIC_0000060,0,True,True,1,0_True
ISIC_0003559.png,0,1,1,0,0,0,1,0,benign,ISIC_0003559,0,True,True,3,0_True
ISIC_0014784.png,0,1,0,1,0,0,0,1,malignant,ISIC_0014784,1,True,True,2,1_True
ISIC_0013369.png,1,0,1,0,1,0,0,0,benign,ISIC_0013369,0,True,True,3,0_True
ISIC_0012432.png,0,1,1,0,1,1,0,0,benign,ISIC_0012432,0,True,True,4,0_True
ISIC_0002206.png,0,1,1,0,0,0,1,0,benign,ISIC_0002206,0,True,True,3,0_True
ISIC_0011327.png,0,1,0,1,0,0,0,0,benign,ISIC_0011327,0,True,True,2,0_True
ISIC_0013946.png,1,1,1,0,1,1,0,0,benign,ISIC_0013946,0,True,True,5,0_True
ISIC_0014324.png,1,0,0,1,1,0,0,1,malignant,ISIC_0014324,1,True,True,3,1_True
ISIC_0000110.png,1,0,0,1,1,0,0,0,benign,ISIC_0000110,0,True,True,3,0_True
ISIC_0014643.png,1,0,0,1,0,0,0,0,benign,ISIC_0014643,0,True,True,2,0_True
ISIC_0000316.png,1,0,0,0,0,0,0,0,benign,ISIC_0000316,0,True,True,1,0_True
ISIC_0011378.png,0,0,0,1,0,0,0,0,benign,ISIC_0011378,0,True,True,1,0_True
ISIC_0013766.png,1,0,0,0,1,1,0,1,malignant,ISIC_0013766,1,True,True,3,1_True
ISIC_0014181.png,1,1,0,1,1,0,0,1,malignant,ISIC_0014181,1,True,True,4,1_True
ISIC_0015011.png,0,0,0,1,0,0,0,0,benign,ISIC_0015011,0,True,True,1,0_True
ISIC_0000366.png,1,0,0,1,0,0,0,0,benign,ISIC_0000366,0,True,True,2,0_True
ISIC_0010350.png,0,0,0,0,1,0,0,1,malignant,ISIC_0010350,1,True,True,1,1_True
ISIC_0012961.png,0,1,1,0,1,0,0,0,benign,ISIC_0012961,0,True,True,3,0_True
ISIC_0014897.png,0,1,0,1,0,0,0,1,malignant,ISIC_0014897,1,True,True,2,1_True
ISIC_0012856.png,1,1,0,0,1,0,0,0,benign,ISIC_0012856,0,True,True,3,0_True
ISIC_0013437.png,1,1,0,0,1,0,0,0,benign,ISIC_0013437,0,True,True,3,0_True
ISIC_0000129.png,1,1,0,0,1,0,0,0,benign,ISIC_0000129,0,True,True,3,0_True
ISIC_0014174.png,1,0,0,1,1,0,0,0,benign,ISIC_0014174,0,True,True,3,0_True
ISIC_0012658.png,0,1,1,0,1,0,0,0,benign,ISIC_0012658,0,True,True,3,0_True
ISIC_0011163.png,0,0,0,0,0,0,0,1,malignant,ISIC_0011163,1,True,True,0,1_False
ISIC_0014327.png,1,0,0,1,1,0,0,1,malignant,ISIC_0014327,1,True,True,3,1_True
ISIC_0014077.png,1,1,0,0,1,0,0,1,malignant,ISIC_0014077,1,True,True,3,1_True
ISIC_0015946.png,0,1,1,1,1,1,0,0,benign,ISIC_0015946,0,True,True,5,0_True
ISIC_0010071.png,0,1,0,1,0,0,0,0,benign,ISIC_0010071,0,True,True,2,0_True
ISIC_0013055.png,1,0,1,0,1,1,0,0,benign,ISIC_0013055,0,True,True,4,0_True
ISIC_0010573.png,0,1,0,0,1,0,0,0,benign,ISIC_0010573,0,True,True,2,0_True
ISIC_0000534.png,0,1,0,0,0,0,0,0,benign,ISIC_0000534,0,True,True,1,0_True
ISIC_0012664.png,0,0,1,1,0,1,0,0,benign,ISIC_0012664,0,True,True,3,0_True
ISIC_0012257.png,0,1,1,0,1,0,0,0,benign,ISIC_0012257,0,True,True,3,0_True
ISIC_0000244.png,0,1,0,0,0,0,0,0,benign,ISIC_0000244,0,True,True,1,0_True
ISIC_0000087.png,0,1,0,1,0,0,0,0,benign,ISIC_0000087,0,True,True,2,0_True
ISIC_0012213.png,0,0,1,1,1,1,0,0,benign,ISIC_0012213,0,True,True,4,0_True
ISIC_0016050.png,1,0,0,0,1,0,0,0,benign,ISIC_0016050,0,True,True,2,0_True
ISIC_0009910.png,0,1,0,0,0,0,0,1,malignant,ISIC_0009910,1,True,True,1,1_True
ISIC_0001262.png,0,0,1,1,0,0,1,0,benign,ISIC_0001262,0,True,True,3,0_True
ISIC_0000189.png,0,1,0,1,0,0,0,0,benign,ISIC_0000189,0,True,True,2,0_True
ISIC_0007796.png,0,1,1,0,0,0,1,0,benign,ISIC_0007796,0,True,True,3,0_True
ISIC_0015223.png,0,1,0,1,0,0,0,0,benign,ISIC_0015223,0,True,True,2,0_True
ISIC_0008600.png,0,1,1,0,0,0,1,0,benign,ISIC_0008600,0,True,True,3,0_True
ISIC_0010379.png,1,0,0,1,1,0,0,1,malignant,ISIC_0010379,1,True,True,3,1_True
ISIC_0013024.png,0,1,1,0,1,0,0,0,benign,ISIC_0013024,0,True,True,3,0_True
ISIC_0014473.png,1,1,0,1,1,0,0,0,benign,ISIC_0014473,0,True,True,4,0_True
ISIC_0013568.png,0,0,1,1,1,1,0,0,benign,ISIC_0013568,0,True,True,4,0_True
ISIC_0010488.png,0,1,0,0,0,0,0,0,benign,ISIC_0010488,0,True,True,1,0_True
ISIC_0001254.png,0,1,1,0,0,0,1,0,benign,ISIC_0001254,0,True,True,3,0_True
ISIC_0013395.png,1,1,0,0,1,0,0,0,benign,ISIC_0013395,0,True,True,3,0_True
ISIC_0010238.png,1,1,0,0,1,0,0,0,benign,ISIC_0010238,0,True,True,3,0_True
ISIC_0010042.png,0,1,0,1,0,0,0,0,benign,ISIC_0010042,0,True,True,2,0_True
ISIC_0012330.png,0,1,1,1,1,0,0,0,benign,ISIC_0012330,0,True,True,4,0_True
ISIC_0000444.png,0,0,0,1,1,0,0,1,malignant,ISIC_0000444,1,True,True,2,1_True
ISIC_0010496.png,0,0,0,1,0,1,0,0,benign,ISIC_0010496,0,True,True,2,0_True
ISIC_0000505.png,0,0,0,1,1,0,0,0,benign,ISIC_0000505,0,True,True,2,0_True
ISIC_0013205.png,0,0,1,1,1,1,0,0,benign,ISIC_0013205,0,True,True,4,0_True
ISIC_0002780.png,1,1,0,0,0,0,1,0,benign,ISIC_0002780,0,True,True,3,0_True
ISIC_0010190.png,0,1,0,1,0,0,0,0,benign,ISIC_0010190,0,True,True,2,0_True
ISIC_0014173.png,1,0,0,1,1,0,0,1,malignant,ISIC_0014173,1,True,True,3,1_True
ISIC_0014290.png,1,1,0,1,0,0,0,1,malignant,ISIC_0014290,1,True,True,3,1_True
ISIC_0015124.png,0,1,0,1,1,0,0,1,malignant,ISIC_0015124,1,True,True,3,1_True
ISIC_0014253.png,1,0,0,1,1,0,0,0,benign,ISIC_0014253,0,True,True,3,0_True
ISIC_0000204.png,0,1,0,1,0,0,0,0,benign,ISIC_0000204,0,True,True,2,0_True
ISIC_0013219.png,0,0,1,1,1,0,0,0,benign,ISIC_0013219,0,True,True,3,0_True
ISIC_0015293.png,0,1,0,1,0,0,0,0,benign,ISIC_0015293,0,True,True,2,0_True
ISIC_0009977.png,0,1,0,1,0,0,0,0,benign,ISIC_0009977,0,True,True,2,0_True
ISIC_0000416.png,0,0,0,0,0,0,0,0,benign,ISIC_0000416,0,True,True,0,0_False
ISIC_0012151.png,0,1,1,0,1,0,0,1,malignant,ISIC_0012151,1,True,True,3,1_True
ISIC_0015062.png,0,0,0,1,0,0,0,0,benign,ISIC_0015062,0,True,True,1,0_True
ISIC_0010216.png,0,1,0,0,1,0,0,0,benign,ISIC_0010216,0,True,True,2,0_True
ISIC_0013410.png,0,0,1,1,1,1,0,0,benign,ISIC_0013410,0,True,True,4,0_True
ISIC_0000403.png,1,0,0,0,1,0,0,0,benign,ISIC_0000403,0,True,True,2,0_True
ISIC_0010232.png,0,1,0,1,0,0,0,0,benign,ISIC_0010232,0,True,True,2,0_True
ISIC_0009978.png,0,1,0,1,0,0,0,0,benign,ISIC_0009978,0,True,True,2,0_True
ISIC_0013054.png,1,0,0,1,1,1,0,0,benign,ISIC_0013054,0,True,True,4,0_True
ISIC_0010186.png,0,0,1,0,0,0,0,0,benign,ISIC_0010186,0,True,True,1,0_True
ISIC_0015279.png,0,1,0,1,0,0,0,0,benign,ISIC_0015279,0,True,True,2,0_True
ISIC_0012478.png,1,0,0,1,1,0,0,0,benign,ISIC_0012478,0,True,True,3,0_True
ISIC_0001185.png,1,0,0,0,0,0,1,0,benign,ISIC_0001185,0,True,True,2,0_True
ISIC_0013114.png,0,1,1,1,1,0,0,0,benign,ISIC_0013114,0,True,True,4,0_True
ISIC_0013197.png,0,0,1,0,1,1,0,0,benign,ISIC_0013197,0,True,True,3,0_True
ISIC_0013335.png,0,1,1,0,1,0,0,0,benign,ISIC_0013335,0,True,True,3,0_True
ISIC_0016013.png,0,1,1,0,1,0,0,0,benign,ISIC_0016013,0,True,True,3,0_True
ISIC_0007141.png,0,1,1,0,0,0,1,0,benign,ISIC_0007141,0,True,True,3,0_True
ISIC_0010017.png,0,1,0,0,0,0,0,0,benign,ISIC_0010017,0,True,True,1,0_True
ISIC_0000067.png,0,1,0,0,0,0,0,0,benign,ISIC_0000067,0,True,True,1,0_True
ISIC_0014166.png,1,1,0,1,1,0,0,0,benign,ISIC_0014166,0,True,True,4,0_True
ISIC_0012314.png,0,1,1,0,1,1,0,0,benign,ISIC_0012314,0,True,True,4,0_True
ISIC_0015127.png,0,0,0,1,0,0,0,1,malignant,ISIC_0015127,1,True,True,1,1_True
ISIC_0011205.png,0,0,0,0,0,0,0,0,benign,ISIC_0011205,0,True,True,0,0_False
ISIC_0016023.png,1,0,0,1,1,0,0,0,benign,ISIC_0016023,0,True,True,3,0_True
ISIC_0006114.png,0,1,1,0,0,0,1,0,benign,ISIC_0006114,0,True,True,3,0_True
ISIC_0000193.png,0,1,0,1,0,0,0,0,benign,ISIC_0000193,0,True,True,2,0_True
ISIC_0015401.png,0,0,0,1,0,0,0,0,benign,ISIC_0015401,0,True,True,1,0_True
ISIC_0010330.png,0,0,1,0,0,0,0,0,benign,ISIC_0010330,0,True,True,1,0_True
ISIC_0012969.png,0,1,1,1,1,1,0,0,benign,ISIC_0012969,0,True,True,5,0_True
ISIC_0000442.png,1,0,0,0,1,0,0,0,benign,ISIC_0000442,0,True,True,2,0_True
ISIC_0009758.png,0,1,1,0,0,0,1,0,benign,ISIC_0009758,0,True,True,3,0_True
ISIC_0013073.png,0,0,1,1,1,0,0,1,malignant,ISIC_0013073,1,True,True,3,1_True
ISIC_0008280.png,0,1,1,0,0,0,1,0,benign,ISIC_0008280,0,True,True,3,0_True
ISIC_0000006.png,1,0,0,0,0,0,0,0,benign,ISIC_0000006,0,True,True,1,0_True
ISIC_0002439.png,0,1,1,0,0,0,1,0,benign,ISIC_0002439,0,True,True,3,0_True
ISIC_0000217.png,0,1,0,1,0,0,0,0,benign,ISIC_0000217,0,True,True,2,0_True
ISIC_0014469.png,1,0,0,1,1,0,0,0,benign,ISIC_0014469,0,True,True,3,0_True
ISIC_0011137.png,0,0,0,0,0,0,0,1,malignant,ISIC_0011137,1,True,True,0,1_False
ISIC_0000520.png,0,1,0,0,1,0,0,1,malignant,ISIC_0000520,1,True,True,2,1_True
ISIC_0002673.png,0,1,1,0,0,0,1,0,benign,ISIC_0002673,0,True,True,3,0_True
ISIC_0015353.png,1,0,0,1,0,0,0,0,benign,ISIC_0015353,0,True,True,2,0_True
ISIC_0014908.png,0,1,0,1,0,0,0,0,benign,ISIC_0014908,0,True,True,2,0_True
ISIC_0008294.png,0,1,1,0,0,0,1,0,benign,ISIC_0008294,0,True,True,3,0_True
ISIC_0014974.png,0,1,0,1,0,0,0,0,benign,ISIC_0014974,0,True,True,2,0_True
ISIC_0013430.png,1,1,1,0,1,0,0,0,benign,ISIC_0013430,0,True,True,4,0_True
ISIC_0013433.png,1,0,0,0,1,0,0,0,benign,ISIC_0013433,0,True,True,2,0_True
ISIC_0006193.png,0,1,1,0,0,0,1,0,benign,ISIC_0006193,0,True,True,3,0_True
ISIC_0014723.png,0,1,0,1,0,0,0,0,benign,ISIC_0014723,0,True,True,2,0_True
ISIC_0014610.png,1,0,0,1,0,0,0,0,benign,ISIC_0014610,0,True,True,2,0_True
ISIC_0015645.png,0,0,0,1,0,0,0,0,benign,ISIC_0015645,0,True,True,1,0_True
ISIC_0014685.png,0,1,0,1,0,0,0,0,benign,ISIC_0014685,0,True,True,2,0_True
ISIC_0002438.png,0,1,1,0,0,0,1,0,benign,ISIC_0002438,0,True,True,3,0_True
ISIC_0013204.png,0,1,1,0,1,0,0,0,benign,ISIC_0013204,0,True,True,3,0_True
ISIC_0000483.png,0,1,0,0,0,0,0,0,benign,ISIC_0000483,0,True,True,1,0_True
ISIC_0014049.png,0,0,1,0,1,0,0,1,malignant,ISIC_0014049,1,True,True,2,1_True
ISIC_0013800.png,0,1,1,1,1,1,0,0,benign,ISIC_0013800,0,True,True,5,0_True
ISIC_0000089.png,0,0,0,1,0,0,0,0,benign,ISIC_0000089,0,True,True,1,0_True
ISIC_0013908.png,0,1,1,0,1,1,0,1,malignant,ISIC_0013908,1,True,True,4,1_True
ISIC_0015968.png,0,0,0,0,1,0,0,0,benign,ISIC_0015968,0,True,True,1,0_True
ISIC_0011161.png,0,1,0,0,1,0,0,1,malignant,ISIC_0011161,1,True,True,2,1_True
ISIC_0013087.png,0,1,1,0,1,0,0,0,benign,ISIC_0013087,0,True,True,3,0_True
ISIC_0013096.png,0,0,1,0,1,1,0,0,benign,ISIC_0013096,0,True,True,3,0_True
ISIC_0000298.png,1,0,0,0,0,0,0,1,malignant,ISIC_0000298,1,True,True,1,1_True
ISIC_0009948.png,0,1,0,0,1,0,0,0,benign,ISIC_0009948,0,True,True,2,0_True
ISIC_0014803.png,0,1,0,1,0,0,0,0,benign,ISIC_0014803,0,True,True,2,0_True
ISIC_0015254.png,0,1,0,1,0,0,0,0,benign,ISIC_0015254,0,True,True,2,0_True
ISIC_0011362.png,1,0,0,0,1,0,0,0,benign,ISIC_0011362,0,True,True,2,0_True
ISIC_0001128.png,0,1,0,0,1,0,0,1,malignant,ISIC_0001128,1,True,True,2,1_True
ISIC_0000379.png,0,0,0,0,1,0,0,0,benign,ISIC_0000379,0,True,True,1,0_True
ISIC_0011349.png,0,1,0,1,1,0,0,1,malignant,ISIC_0011349,1,True,True,3,1_True
ISIC_0009936.png,0,1,0,0,0,0,0,0,benign,ISIC_0009936,0,True,True,1,0_True
ISIC_0016034.png,0,0,1,1,1,1,0,0,benign,ISIC_0016034,0,True,True,4,0_True
ISIC_0009583.png,1,0,0,0,0,0,1,0,benign,ISIC_0009583,0,True,True,2,0_True
ISIC_0014639.png,1,1,0,0,0,0,0,0,benign,ISIC_0014639,0,True,True,2,0_True
ISIC_0000514.png,0,0,0,0,0,0,0,0,benign,ISIC_0000514,0,True,True,0,0_False
ISIC_0013898.png,1,0,0,1,1,0,0,0,benign,ISIC_0013898,0,True,True,3,0_True
ISIC_0015312.png,1,1,0,1,0,0,0,0,benign,ISIC_0015312,0,True,True,3,0_True
ISIC_0012204.png,0,1,1,0,1,1,0,0,benign,ISIC_0012204,0,True,True,4,0_True
ISIC_0013736.png,1,1,0,1,1,0,0,1,malignant,ISIC_0013736,1,True,True,4,1_True
ISIC_0014753.png,0,0,0,1,0,0,0,0,benign,ISIC_0014753,0,True,True,1,0_True
ISIC_0012871.png,1,1,1,1,1,1,0,0,benign,ISIC_0012871,0,True,True,6,0_True
ISIC_0011361.png,0,1,0,1,0,0,0,0,benign,ISIC_0011361,0,True,True,2,0_True
ISIC_0013747.png,1,1,0,0,1,0,0,0,benign,ISIC_0013747,0,True,True,3,0_True
ISIC_0011132.png,0,1,0,1,0,0,0,1,malignant,ISIC_0011132,1,True,True,2,1_True
ISIC_0013494.png,1,0,0,0,1,1,0,0,benign,ISIC_0013494,0,True,True,3,0_True
ISIC_0000220.png,0,1,0,1,0,0,0,0,benign,ISIC_0000220,0,True,True,2,0_True
ISIC_0014796.png,0,0,0,1,0,0,0,0,benign,ISIC_0014796,0,True,True,1,0_True
ISIC_0011344.png,0,1,0,0,1,0,0,1,malignant,ISIC_0011344,1,True,True,2,1_True
ISIC_0012400.png,0,1,1,1,1,1,0,0,benign,ISIC_0012400,0,True,True,5,0_True
ISIC_0012510.png,1,1,0,0,1,0,0,0,benign,ISIC_0012510,0,True,True,3,0_True
ISIC_0000470.png,0,0,0,0,0,0,0,0,benign,ISIC_0000470,0,True,True,0,0_False
ISIC_0012324.png,0,1,1,0,1,0,0,0,benign,ISIC_0012324,0,True,True,3,0_True
ISIC_0012826.png,1,1,1,0,1,1,0,0,benign,ISIC_0012826,0,True,True,5,0_True
ISIC_0010456.png,0,0,0,0,0,1,0,0,benign,ISIC_0010456,0,True,True,1,0_True
ISIC_0014961.png,1,0,0,1,0,0,0,0,benign,ISIC_0014961,0,True,True,2,0_True
ISIC_0000477.png,0,1,1,1,0,0,0,0,benign,ISIC_0000477,0,True,True,3,0_True
ISIC_0010854.png,0,0,0,1,0,0,0,0,benign,ISIC_0010854,0,True,True,1,0_True
ISIC_0014599.png,1,1,0,1,0,0,0,0,benign,ISIC_0014599,0,True,True,3,0_True
ISIC_0001105.png,1,1,0,0,1,0,0,1,malignant,ISIC_0001105,1,True,True,3,1_True
ISIC_0014913.png,0,1,0,1,0,0,0,0,benign,ISIC_0014913,0,True,True,2,0_True
ISIC_0009430.png,0,1,1,0,0,0,1,0,benign,ISIC_0009430,0,True,True,3,0_True
ISIC_0010332.png,0,0,0,1,0,0,0,0,benign,ISIC_0010332,0,True,True,1,0_True
ISIC_0013862.png,1,1,0,0,1,0,0,0,benign,ISIC_0013862,0,True,True,3,0_True
ISIC_0015023.png,0,1,0,1,0,0,0,0,benign,ISIC_0015023,0,True,True,2,0_True
ISIC_0014186.png,1,1,0,1,1,0,0,1,malignant,ISIC_0014186,1,True,True,4,1_True
ISIC_0012891.png,1,1,0,0,1,0,0,0,benign,ISIC_0012891,0,True,True,3,0_True
ISIC_0014815.png,0,1,0,1,0,0,0,0,benign,ISIC_0014815,0,True,True,2,0_True
ISIC_0013320.png,1,0,1,0,1,1,0,0,benign,ISIC_0013320,0,True,True,4,0_True
ISIC_0013597.png,0,0,1,0,1,1,0,0,benign,ISIC_0013597,0,True,True,3,0_True
ISIC_0000351.png,1,1,0,1,0,0,0,0,benign,ISIC_0000351,0,True,True,3,0_True
ISIC_0013104.png,0,0,1,0,1,0,0,0,benign,ISIC_0013104,0,True,True,2,0_True
ISIC_0011173.png,0,1,1,0,0,0,0,0,benign,ISIC_0011173,0,True,True,2,0_True
ISIC_0013456.png,1,0,1,1,1,1,0,0,benign,ISIC_0013456,0,True,True,5,0_True
ISIC_0015035.png,0,0,0,0,0,0,0,0,benign,ISIC_0015035,0,True,True,0,0_False
ISIC_0014786.png,0,1,0,1,0,0,0,0,benign,ISIC_0014786,0,True,True,2,0_True
ISIC_0012655.png,0,0,1,0,1,0,0,0,benign,ISIC_0012655,0,True,True,2,0_True
ISIC_0015417.png,0,1,0,1,0,0,0,0,benign,ISIC_0015417,0,True,True,2,0_True
ISIC_0013187.png,0,1,1,1,1,1,0,0,benign,ISIC_0013187,0,True,True,5,0_True
ISIC_0000098.png,1,1,0,0,1,0,0,0,benign,ISIC_0000098,0,True,True,3,0_True
ISIC_0013082.png,0,1,1,0,1,1,0,0,benign,ISIC_0013082,0,True,True,4,0_True
ISIC_0013652.png,0,0,1,1,1,1,0,1,malignant,ISIC_0013652,1,True,True,4,1_True
ISIC_0014838.png,0,1,0,1,0,0,0,0,benign,ISIC_0014838,0,True,True,2,0_True
ISIC_0014792.png,0,1,0,1,0,0,0,0,benign,ISIC_0014792,0,True,True,2,0_True
ISIC_0015963.png,1,0,0,1,1,1,0,0,benign,ISIC_0015963,0,True,True,4,0_True
ISIC_0014596.png,1,1,0,1,0,0,0,0,benign,ISIC_0014596,0,True,True,3,0_True
ISIC_0009942.png,0,1,1,0,1,0,0,0,benign,ISIC_0009942,0,True,True,3,0_True
ISIC_0012306.png,0,0,1,1,1,1,0,0,benign,ISIC_0012306,0,True,True,4,0_True
ISIC_0012149.png,0,1,1,0,1,1,0,0,benign,ISIC_0012149,0,True,True,4,0_True
ISIC_0000517.png,0,0,0,1,0,0,0,1,malignant,ISIC_0000517,1,True,True,1,1_True
ISIC_0012516.png,1,1,0,1,1,0,0,0,benign,ISIC_0012516,0,True,True,4,0_True
ISIC_0013664.png,0,1,1,0,1,0,0,0,benign,ISIC_0013664,0,True,True,3,0_True
ISIC_0010058.png,0,0,0,0,0,0,0,0,benign,ISIC_0010058,0,True,True,0,0_False
ISIC_0010448.png,0,0,0,1,0,0,0,0,benign,ISIC_0010448,0,True,True,1,0_True
ISIC_0014502.png,0,0,1,0,1,0,0,0,benign,ISIC_0014502,0,True,True,2,0_True
ISIC_0014872.png,0,1,0,1,0,0,0,1,malignant,ISIC_0014872,1,True,True,2,1_True
ISIC_0014546.png,1,0,0,0,1,1,0,1,malignant,ISIC_0014546,1,True,True,3,1_True
ISIC_0011110.png,0,0,0,0,0,0,0,0,benign,ISIC_0011110,0,True,True,0,0_False
ISIC_0000363.png,1,1,1,0,0,0,0,0,benign,ISIC_0000363,0,True,True,3,0_True
ISIC_0013651.png,1,1,0,1,1,1,0,1,malignant,ISIC_0013651,1,True,True,5,1_True
ISIC_0013517.png,1,0,1,0,1,0,0,0,benign,ISIC_0013517,0,True,True,3,0_True
ISIC_0013984.png,0,0,1,0,1,1,0,1,malignant,ISIC_0013984,1,True,True,3,1_True
ISIC_0013203.png,0,0,1,0,1,1,0,0,benign,ISIC_0013203,0,True,True,3,0_True
ISIC_0013089.png,1,1,0,1,1,0,0,0,benign,ISIC_0013089,0,True,True,4,0_True
ISIC_0015009.png,0,0,0,1,0,0,0,0,benign,ISIC_0015009,0,True,True,1,0_True
ISIC_0000230.png,0,1,0,1,0,0,0,0,benign,ISIC_0000230,0,True,True,2,0_True
ISIC_0000250.png,0,1,0,0,0,0,0,0,benign,ISIC_0000250,0,True,True,1,0_True
ISIC_0010852.png,0,0,0,0,1,0,0,1,malignant,ISIC_0010852,1,True,True,1,1_True
ISIC_0000278.png,0,0,0,0,0,0,0,1,malignant,ISIC_0000278,1,True,True,0,1_False
ISIC_0012720.png,0,0,1,1,1,0,0,0,benign,ISIC_0012720,0,True,True,3,0_True
ISIC_0012285.png,0,0,1,1,1,0,0,0,benign,ISIC_0012285,0,True,True,3,0_True
ISIC_0009915.png,0,1,0,1,0,0,0,0,benign,ISIC_0009915,0,True,True,2,0_True
ISIC_0012358.png,0,1,1,0,1,1,0,0,benign,ISIC_0012358,0,True,True,4,0_True
ISIC_0014394.png,1,1,0,1,1,0,0,0,benign,ISIC_0014394,0,True,True,4,0_True
ISIC_0000274.png,1,0,0,0,1,0,0,0,benign,ISIC_0000274,0,True,True,2,0_True
ISIC_0010263.png,0,0,0,0,1,0,0,0,benign,ISIC_0010263,0,True,True,1,0_True
ISIC_0015485.png,0,1,0,1,0,0,0,0,benign,ISIC_0015485,0,True,True,2,0_True
ISIC_0008236.png,1,1,0,0,0,0,1,0,benign,ISIC_0008236,0,True,True,3,0_True
ISIC_0000532.png,0,0,0,0,0,0,0,0,benign,ISIC_0000532,0,True,True,0,0_False
ISIC_0000283.png,1,1,0,0,1,0,0,1,malignant,ISIC_0000283,1,True,True,3,1_True
ISIC_0011339.png,0,0,0,1,0,0,0,0,benign,ISIC_0011339,0,True,True,1,0_True
ISIC_0012102.png,1,0,0,0,1,1,0,0,benign,ISIC_0012102,0,True,True,3,0_True
ISIC_0014946.png,0,1,0,1,0,0,0,1,malignant,ISIC_0014946,1,True,True,2,1_True
ISIC_0012494.png,1,1,0,1,1,0,0,0,benign,ISIC_0012494,0,True,True,4,0_True
ISIC_0014197.png,1,0,0,1,1,0,0,0,benign,ISIC_0014197,0,True,True,3,0_True
ISIC_0000199.png,0,1,0,0,0,0,0,0,benign,ISIC_0000199,0,True,True,1,0_True
ISIC_0009943.png,0,0,0,0,1,0,0,0,benign,ISIC_0009943,0,True,True,1,0_True
ISIC_0015044.png,0,1,0,1,0,0,0,0,benign,ISIC_0015044,0,True,True,2,0_True
ISIC_0010340.png,0,1,0,1,0,0,0,0,benign,ISIC_0010340,0,True,True,2,0_True
ISIC_0001871.png,0,0,1,0,0,0,1,0,benign,ISIC_0001871,0,True,True,2,0_True
ISIC_0013163.png,0,0,1,0,1,1,0,0,benign,ISIC_0013163,0,True,True,3,0_True
ISIC_0013232.png,0,0,1,1,1,0,0,1,malignant,ISIC_0013232,1,True,True,3,1_True
ISIC_0010847.png,0,1,0,1,0,0,0,0,benign,ISIC_0010847,0,True,True,2,0_True
ISIC_0015985.png,0,1,0,1,0,0,0,0,benign,ISIC_0015985,0,True,True,2,0_True
ISIC_0009945.png,1,1,0,0,1,0,0,0,benign,ISIC_0009945,0,True,True,3,0_True
ISIC_0014682.png,0,1,0,1,0,0,0,0,benign,ISIC_0014682,0,True,True,2,0_True
ISIC_0001142.png,1,0,0,0,1,0,0,1,malignant,ISIC_0001142,1,True,True,2,1_True
ISIC_0014754.png,0,1,0,0,0,0,0,0,benign,ISIC_0014754,0,True,True,1,0_True
ISIC_0013685.png,0,1,1,0,1,0,0,0,benign,ISIC_0013685,0,True,True,3,0_True
ISIC_0013516.png,1,0,1,0,1,0,0,0,benign,ISIC_0013516,0,True,True,3,0_True
ISIC_0009904.png,0,0,0,0,0,0,0,0,benign,ISIC_0009904,0,True,True,0,0_False
ISIC_0013487.png,0,0,1,0,1,0,0,0,benign,ISIC_0013487,0,True,True,2,0_True
ISIC_0014037.png,1,0,0,1,0,0,0,1,malignant,ISIC_0014037,1,True,True,2,1_True
ISIC_0000533.png,0,0,0,0,0,0,0,1,malignant,ISIC_0000533,1,True,True,0,1_False
ISIC_0000203.png,0,0,0,1,0,0,0,0,benign,ISIC_0000203,0,True,True,1,0_True
ISIC_0013966.png,0,0,1,1,1,1,0,0,benign,ISIC_0013966,0,True,True,4,0_True
ISIC_0012679.png,0,1,1,0,1,0,0,0,benign,ISIC_0012679,0,True,True,3,0_True
ISIC_0000127.png,1,1,0,0,0,0,0,0,benign,ISIC_0000127,0,True,True,2,0_True
ISIC_0014331.png,1,0,0,1,1,0,0,1,malignant,ISIC_0014331,1,True,True,3,1_True
ISIC_0012690.png,0,1,1,0,1,1,0,0,benign,ISIC_0012690,0,True,True,4,0_True
ISIC_0013424.png,1,0,0,1,1,1,0,0,benign,ISIC_0013424,0,True,True,4,0_True
ISIC_0011214.png,0,0,0,1,0,0,0,0,benign,ISIC_0011214,0,True,True,1,0_True
ISIC_0000503.png,0,0,1,0,0,0,0,0,benign,ISIC_0000503,0,True,True,1,0_True
ISIC_0013806.png,1,0,1,1,1,0,0,0,benign,ISIC_0013806,0,True,True,4,0_True
ISIC_0012232.png,1,0,1,0,1,0,0,0,benign,ISIC_0012232,0,True,True,3,0_True
ISIC_0015113.png,0,0,0,1,0,0,0,0,benign,ISIC_0015113,0,True,True,1,0_True
ISIC_0000243.png,0,0,0,0,0,0,0,0,benign,ISIC_0000243,0,True,True,0,0_False
ISIC_0012425.png,1,1,1,1,1,0,0,1,malignant,ISIC_0012425,1,True,True,5,1_True
ISIC_0014431.png,1,0,0,1,1,0,0,0,benign,ISIC_0014431,0,True,True,3,0_True
ISIC_0014529.png,1,1,0,1,1,0,0,0,benign,ISIC_0014529,0,True,True,4,0_True
ISIC_0013191.png,0,0,1,1,1,1,0,0,benign,ISIC_0013191,0,True,True,4,0_True
ISIC_0014628.png,1,0,0,0,0,0,0,0,benign,ISIC_0014628,0,True,True,1,0_True
ISIC_0012316.png,0,1,1,0,1,0,0,0,benign,ISIC_0012316,0,True,True,3,0_True
ISIC_0015309.png,1,0,1,1,0,0,0,0,benign,ISIC_0015309,0,True,True,3,0_True
ISIC_0015258.png,0,1,0,1,0,0,0,0,benign,ISIC_0015258,0,True,True,2,0_True
ISIC_0014325.png,1,0,0,0,1,0,0,1,malignant,ISIC_0014325,1,True,True,2,1_True
ISIC_0012950.png,1,0,1,0,1,1,0,0,benign,ISIC_0012950,0,True,True,4,0_True
ISIC_0014013.png,1,1,0,0,1,0,0,1,malignant,ISIC_0014013,1,True,True,3,1_True
ISIC_0014158.png,1,1,0,0,1,0,0,0,benign,ISIC_0014158,0,True,True,3,0_True
ISIC_0012086.png,0,0,1,0,1,0,0,0,benign,ISIC_0012086,0,True,True,2,0_True
ISIC_0010487.png,0,1,0,0,1,0,0,0,benign,ISIC_0010487,0,True,True,2,0_True
ISIC_0014428.png,1,0,0,1,1,0,0,1,malignant,ISIC_0014428,1,True,True,3,1_True
ISIC_0014059.png,1,0,0,0,1,0,0,1,malignant,ISIC_0014059,1,True,True,2,1_True
ISIC_0000052.png,0,0,0,1,0,0,0,0,benign,ISIC_0000052,0,True,True,1,0_True
ISIC_0011306.png,0,1,0,0,0,0,0,0,benign,ISIC_0011306,0,True,True,1,0_True
ISIC_0008256.png,1,1,0,0,0,0,1,0,benign,ISIC_0008256,0,True,True,3,0_True
ISIC_0001100.png,1,0,0,0,1,0,0,1,malignant,ISIC_0001100,1,True,True,2,1_True
ISIC_0014029.png,0,0,1,0,1,1,0,0,benign,ISIC_0014029,0,True,True,3,0_True
ISIC_0000093.png,0,0,0,1,1,0,0,0,benign,ISIC_0000093,0,True,True,2,0_True
ISIC_0015295.png,0,1,0,1,0,0,0,0,benign,ISIC_0015295,0,True,True,2,0_True
ISIC_0013816.png,1,1,0,1,1,0,0,0,benign,ISIC_0013816,0,True,True,4,0_True
ISIC_0013998.png,1,1,0,1,1,1,0,0,benign,ISIC_0013998,0,True,True,5,0_True
ISIC_0014926.png,0,0,0,1,0,0,0,0,benign,ISIC_0014926,0,True,True,1,0_True
ISIC_0011324.png,1,0,0,0,1,0,0,0,benign,ISIC_0011324,0,True,True,2,0_True
ISIC_0014573.png,1,0,0,1,0,0,0,0,benign,ISIC_0014573,0,True,True,2,0_True
ISIC_0016064.png,1,0,0,1,1,0,0,0,benign,ISIC_0016064,0,True,True,3,0_True
ISIC_0010073.png,0,1,0,1,0,0,0,0,benign,ISIC_0010073,0,True,True,2,0_True
ISIC_0015638.png,1,1,0,0,0,0,0,0,benign,ISIC_0015638,0,True,True,2,0_True
ISIC_0000370.png,1,0,0,1,0,0,0,0,benign,ISIC_0000370,0,True,True,2,0_True
ISIC_0014834.png,0,1,0,1,0,0,0,0,benign,ISIC_0014834,0,True,True,2,0_True
ISIC_0015331.png,0,1,0,1,0,0,0,0,benign,ISIC_0015331,0,True,True,2,0_True
ISIC_0000032.png,0,1,0,1,0,0,0,0,benign,ISIC_0000032,0,True,True,2,0_True
ISIC_0015245.png,0,1,0,1,0,0,0,0,benign,ISIC_0015245,0,True,True,2,0_True
ISIC_0013748.png,1,1,0,0,1,0,1,0,benign,ISIC_0013748,0,True,True,4,0_True
ISIC_0013805.png,1,0,1,1,1,1,0,0,benign,ISIC_0013805,0,True,True,5,0_True
ISIC_0014635.png,1,1,0,0,0,0,0,0,benign,ISIC_0014635,0,True,True,2,0_True
ISIC_0013804.png,0,0,1,0,1,1,0,0,benign,ISIC_0013804,0,True,True,3,0_True
ISIC_0000053.png,0,1,0,0,0,0,0,0,benign,ISIC_0000053,0,True,True,1,0_True
ISIC_0012930.png,0,0,1,0,1,0,0,1,malignant,ISIC_0012930,1,True,True,2,1_True
ISIC_0015936.png,1,1,0,0,1,0,0,0,benign,ISIC_0015936,0,True,True,3,0_True
ISIC_0015264.png,0,1,0,1,0,0,0,0,benign,ISIC_0015264,0,True,True,2,0_True
ISIC_0014545.png,1,0,0,1,1,0,0,1,malignant,ISIC_0014545,1,True,True,3,1_True
ISIC_0005548.png,0,0,1,0,0,0,1,0,benign,ISIC_0005548,0,True,True,2,0_True
ISIC_0012713.png,0,0,1,0,1,1,0,0,benign,ISIC_0012713,0,True,True,3,0_True
ISIC_0010861.png,0,0,0,0,1,0,0,0,benign,ISIC_0010861,0,True,True,1,0_True
ISIC_0010038.png,0,0,0,1,0,0,0,0,benign,ISIC_0010038,0,True,True,1,0_True
ISIC_0012837.png,1,0,1,1,1,0,0,0,benign,ISIC_0012837,0,True,True,4,0_True
ISIC_0012406.png,0,0,1,0,1,1,0,0,benign,ISIC_0012406,0,True,True,3,0_True
ISIC_0010005.png,0,1,0,0,1,0,0,0,benign,ISIC_0010005,0,True,True,2,0_True
ISIC_0013918.png,0,1,1,1,1,1,0,0,benign,ISIC_0013918,0,True,True,5,0_True
ISIC_0000390.png,0,1,0,1,0,0,0,1,malignant,ISIC_0000390,1,True,True,2,1_True
ISIC_0010590.png,1,0,0,0,1,0,0,0,benign,ISIC_0010590,0,True,True,2,0_True
ISIC_0000327.png,1,1,0,0,0,0,0,0,benign,ISIC_0000327,0,True,True,2,0_True
ISIC_0000139.png,0,1,0,1,0,0,0,1,malignant,ISIC_0000139,1,True,True,2,1_True
ISIC_0012311.png,0,1,1,0,1,0,0,0,benign,ISIC_0012311,0,True,True,3,0_True
ISIC_0012657.png,0,1,1,0,1,1,0,0,benign,ISIC_0012657,0,True,True,4,0_True
ISIC_0012357.png,0,0,1,0,1,0,0,0,benign,ISIC_0012357,0,True,True,2,0_True
ISIC_0013936.png,0,1,1,0,1,1,0,1,malignant,ISIC_0013936,1,True,True,4,1_True
ISIC_0000412.png,0,0,0,1,0,0,0,1,malignant,ISIC_0000412,1,True,True,1,1_True
ISIC_0002251.png,0,1,1,0,0,0,1,0,benign,ISIC_0002251,0,True,True,3,0_True
ISIC_0015211.png,0,1,0,1,0,0,0,0,benign,ISIC_0015211,0,True,True,2,0_True
ISIC_0012205.png,0,1,1,0,1,1,0,0,benign,ISIC_0012205,0,True,True,4,0_True
ISIC_0011104.png,0,0,0,1,0,0,0,0,benign,ISIC_0011104,0,True,True,1,0_True
ISIC_0013596.png,0,0,1,1,1,1,0,0,benign,ISIC_0013596,0,True,True,4,0_True
ISIC_0011170.png,0,1,0,1,0,0,0,0,benign,ISIC_0011170,0,True,True,2,0_True
ISIC_0016061.png,1,1,0,0,1,0,0,0,benign,ISIC_0016061,0,True,True,3,0_True
ISIC_0012260.png,1,0,0,1,1,1,0,0,benign,ISIC_0012260,0,True,True,4,0_True
ISIC_0013942.png,1,1,0,0,1,0,0,0,benign,ISIC_0013942,0,True,True,3,0_True
ISIC_0012786.png,1,1,1,0,1,0,0,0,benign,ISIC_0012786,0,True,True,4,0_True
ISIC_0010597.png,0,0,0,0,0,0,0,1,malignant,ISIC_0010597,1,True,True,0,1_False
ISIC_0011372.png,0,1,0,0,1,0,0,0,benign,ISIC_0011372,0,True,True,2,0_True
ISIC_0015994.png,1,0,0,0,1,1,0,0,benign,ISIC_0015994,0,True,True,3,0_True
ISIC_0015363.png,0,0,0,1,1,0,0,0,benign,ISIC_0015363,0,True,True,2,0_True
ISIC_0012888.png,1,1,0,1,1,0,0,0,benign,ISIC_0012888,0,True,True,4,0_True
ISIC_0002246.png,0,1,1,0,0,0,1,0,benign,ISIC_0002246,0,True,True,3,0_True
ISIC_0012773.png,1,0,0,1,1,1,0,0,benign,ISIC_0012773,0,True,True,4,0_True
ISIC_0012737.png,0,0,1,1,1,0,0,0,benign,ISIC_0012737,0,True,True,3,0_True
ISIC_0014867.png,0,1,0,1,0,0,0,0,benign,ISIC_0014867,0,True,True,2,0_True
ISIC_0000350.png,1,1,0,1,0,0,0,0,benign,ISIC_0000350,0,True,True,3,0_True
ISIC_0014883.png,0,0,0,1,0,0,0,1,malignant,ISIC_0014883,1,True,True,1,1_True
ISIC_0000054.png,0,0,0,0,0,0,0,1,malignant,ISIC_0000054,1,True,True,0,1_False
ISIC_0014912.png,0,1,0,1,0,0,0,1,malignant,ISIC_0014912,1,True,True,2,1_True
ISIC_0000359.png,1,1,0,0,0,0,0,0,benign,ISIC_0000359,0,True,True,2,0_True
ISIC_0010267.png,0,0,0,0,1,0,0,1,malignant,ISIC_0010267,1,True,True,1,1_True
ISIC_0009965.png,0,1,0,1,0,0,0,0,benign,ISIC_0009965,0,True,True,2,0_True
ISIC_0013227.png,1,0,0,0,1,0,0,0,benign,ISIC_0013227,0,True,True,2,0_True
ISIC_0000460.png,0,0,0,0,1,0,0,0,benign,ISIC_0000460,0,True,True,1,0_True
ISIC_0000159.png,0,1,0,1,0,0,0,1,malignant,ISIC_0000159,1,True,True,2,1_True
ISIC_0008207.png,1,1,0,0,0,0,1,0,benign,ISIC_0008207,0,True,True,3,0_True
ISIC_0013086.png,0,1,1,1,1,0,0,0,benign,ISIC_0013086,0,True,True,4,0_True
ISIC_0000040.png,1,0,0,0,0,0,0,1,malignant,ISIC_0000040,1,True,True,1,1_True
ISIC_0011081.png,0,1,0,0,0,0,0,0,benign,ISIC_0011081,0,True,True,1,0_True
ISIC_0000050.png,0,1,0,0,0,0,0,0,benign,ISIC_0000050,0,True,True,1,0_True
ISIC_0000521.png,0,1,0,1,0,0,0,1,malignant,ISIC_0000521,1,True,True,2,1_True
ISIC_0000036.png,1,1,0,0,1,0,0,1,malignant,ISIC_0000036,1,True,True,3,1_True
ISIC_0014938.png,0,1,0,0,1,0,0,0,benign,ISIC_0014938,0,True,True,2,0_True
ISIC_0012201.png,0,0,1,1,1,1,0,0,benign,ISIC_0012201,0,True,True,4,0_True
ISIC_0009888.png,0,0,0,0,1,0,0,0,benign,ISIC_0009888,0,True,True,1,0_True
ISIC_0009875.png,0,0,0,1,0,0,0,0,benign,ISIC_0009875,0,True,True,1,0_True
ISIC_0000120.png,0,0,0,1,0,0,0,0,benign,ISIC_0000120,0,True,True,1,0_True
ISIC_0012726.png,1,1,1,0,1,0,0,0,benign,ISIC_0012726,0,True,True,4,0_True
ISIC_0012253.png,0,0,1,0,1,1,0,0,benign,ISIC_0012253,0,True,True,3,0_True
ISIC_0000374.png,1,1,0,0,0,0,0,0,benign,ISIC_0000374,0,True,True,2,0_True
ISIC_0014788.png,0,0,0,1,0,0,0,1,malignant,ISIC_0014788,1,True,True,1,1_True
ISIC_0011092.png,0,1,0,1,0,0,0,0,benign,ISIC_0011092,0,True,True,2,0_True
ISIC_0000488.png,0,1,0,0,0,1,0,0,benign,ISIC_0000488,0,True,True,2,0_True
ISIC_0014433.png,1,1,0,0,1,0,0,0,benign,ISIC_0014433,0,True,True,3,0_True
ISIC_0000182.png,0,1,0,1,0,0,0,0,benign,ISIC_0000182,0,True,True,2,0_True
ISIC_0014511.png,1,0,0,1,1,0,0,0,benign,ISIC_0014511,0,True,True,3,0_True
ISIC_0009991.png,0,1,0,1,0,0,0,0,benign,ISIC_0009991,0,True,True,2,0_True
ISIC_0014366.png,1,1,1,1,1,0,0,1,malignant,ISIC_0014366,1,True,True,5,1_True
ISIC_0013438.png,1,0,1,1,1,1,0,0,benign,ISIC_0013438,0,True,True,5,0_True
ISIC_0012654.png,1,0,0,0,1,0,0,0,benign,ISIC_0012654,0,True,True,2,0_True
ISIC_0013192.png,0,1,1,0,1,1,0,0,benign,ISIC_0013192,0,True,True,4,0_True
ISIC_0015945.png,0,1,1,1,1,1,0,0,benign,ISIC_0015945,0,True,True,5,0_True
ISIC_0012303.png,0,0,1,0,1,0,0,0,benign,ISIC_0012303,0,True,True,2,0_True
ISIC_0000320.png,1,1,0,0,0,0,0,0,benign,ISIC_0000320,0,True,True,2,0_True
ISIC_0009929.png,1,1,0,0,1,0,0,0,benign,ISIC_0009929,0,True,True,3,0_True
ISIC_0013672.png,1,1,0,0,1,0,0,1,malignant,ISIC_0013672,1,True,True,3,1_True
ISIC_0000317.png,1,1,0,0,0,0,0,0,benign,ISIC_0000317,0,True,True,2,0_True
ISIC_0000513.png,0,1,0,0,1,0,0,1,malignant,ISIC_0000513,1,True,True,2,1_True
ISIC_0002975.png,1,1,0,0,0,0,1,0,benign,ISIC_0002975,0,True,True,3,0_True
ISIC_0009800.png,1,1,0,0,0,0,1,0,benign,ISIC_0009800,0,True,True,3,0_True
ISIC_0000447.png,0,0,0,0,1,0,0,0,benign,ISIC_0000447,0,True,True,1,0_True
ISIC_0000480.png,0,0,0,0,1,0,0,0,benign,ISIC_0000480,0,True,True,1,0_True
ISIC_0012191.png,0,0,1,0,1,0,0,0,benign,ISIC_0012191,0,True,True,2,0_True
ISIC_0012227.png,1,0,1,0,1,0,0,0,benign,ISIC_0012227,0,True,True,3,0_True
ISIC_0015170.png,0,0,0,1,0,0,0,0,benign,ISIC_0015170,0,True,True,1,0_True
ISIC_0009901.png,0,1,0,0,0,0,0,0,benign,ISIC_0009901,0,True,True,1,0_True
ISIC_0012363.png,1,0,0,0,1,1,0,0,benign,ISIC_0012363,0,True,True,3,0_True
ISIC_0011114.png,0,1,0,1,1,0,0,0,benign,ISIC_0011114,0,True,True,3,0_True
ISIC_0009944.png,0,1,1,0,0,0,0,0,benign,ISIC_0009944,0,True,True,2,0_True
ISIC_0001427.png,0,1,1,0,0,0,1,0,benign,ISIC_0001427,0,True,True,3,0_True
ISIC_0012813.png,1,0,1,0,1,0,0,0,benign,ISIC_0012813,0,True,True,3,0_True
ISIC_0010215.png,0,0,0,1,0,0,0,0,benign,ISIC_0010215,0,True,True,1,0_True
ISIC_0000075.png,1,0,0,0,0,0,0,0,benign,ISIC_0000075,0,True,True,1,0_True
ISIC_0014117.png,1,1,0,0,1,0,0,0,benign,ISIC_0014117,0,True,True,3,0_True
ISIC_0013896.png,1,0,0,1,1,1,0,0,benign,ISIC_0013896,0,True,True,4,0_True
ISIC_0014879.png,0,1,0,1,0,0,0,0,benign,ISIC_0014879,0,True,True,2,0_True
ISIC_0010382.png,0,0,0,1,0,0,0,0,benign,ISIC_0010382,0,True,True,1,0_True
ISIC_0014489.png,1,0,0,1,1,1,0,1,malignant,ISIC_0014489,1,True,True,4,1_True
ISIC_0014688.png,1,1,0,0,0,0,0,1,malignant,ISIC_0014688,1,True,True,2,1_True
ISIC_0002806.png,1,1,0,0,0,0,1,0,benign,ISIC_0002806,0,True,True,3,0_True
ISIC_0000080.png,0,0,0,0,1,0,0,0,benign,ISIC_0000080,0,True,True,1,0_True
ISIC_0012548.png,1,0,1,1,1,0,0,0,benign,ISIC_0012548,0,True,True,4,0_True
ISIC_0000314.png,1,0,0,1,0,0,0,1,malignant,ISIC_0000314,1,True,True,2,1_True
ISIC_0000494.png,0,1,1,1,1,0,0,0,benign,ISIC_0000494,0,True,True,4,0_True
ISIC_0012770.png,1,1,0,0,1,0,0,0,benign,ISIC_0012770,0,True,True,3,0_True
ISIC_0014773.png,0,1,0,1,0,0,0,0,benign,ISIC_0014773,0,True,True,2,0_True
ISIC_0015244.png,0,1,0,1,0,0,0,0,benign,ISIC_0015244,0,True,True,2,0_True
ISIC_0002459.png,0,1,1,0,0,0,1,0,benign,ISIC_0002459,0,True,True,3,0_True
ISIC_0009950.png,0,1,0,0,0,0,0,1,malignant,ISIC_0009950,1,True,True,1,1_True
ISIC_0014794.png,0,0,0,1,0,0,0,0,benign,ISIC_0014794,0,True,True,1,0_True
ISIC_0013573.png,1,0,1,1,1,0,0,1,malignant,ISIC_0013573,1,True,True,4,1_True
ISIC_0013112.png,0,1,1,1,1,0,0,0,benign,ISIC_0013112,0,True,True,4,0_True
ISIC_0000173.png,1,0,0,0,0,0,0,1,malignant,ISIC_0000173,1,True,True,1,1_True
ISIC_0010094.png,0,0,0,1,0,0,0,1,malignant,ISIC_0010094,1,True,True,1,1_True
ISIC_0001163.png,0,1,1,0,0,0,1,0,benign,ISIC_0001163,0,True,True,3,0_True
ISIC_0000511.png,0,1,0,1,0,0,0,1,malignant,ISIC_0000511,1,True,True,2,1_True
ISIC_0000527.png,0,1,0,1,0,0,0,0,benign,ISIC_0000527,0,True,True,2,0_True
ISIC_0013015.png,0,0,1,0,1,1,0,0,benign,ISIC_0013015,0,True,True,3,0_True
ISIC_0000136.png,0,0,0,1,0,0,0,0,benign,ISIC_0000136,0,True,True,1,0_True
ISIC_0012741.png,1,1,0,0,1,1,0,0,benign,ISIC_0012741,0,True,True,4,0_True
ISIC_0013935.png,1,1,0,1,1,0,0,0,benign,ISIC_0013935,0,True,True,4,0_True
ISIC_0000295.png,1,1,0,0,0,0,0,1,malignant,ISIC_0000295,1,True,True,2,1_True
ISIC_0016045.png,1,0,0,1,1,0,0,0,benign,ISIC_0016045,0,True,True,3,0_True
ISIC_0010351.png,1,1,0,0,1,0,0,0,benign,ISIC_0010351,0,True,True,3,0_True
ISIC_0002871.png,1,1,0,0,0,0,1,0,benign,ISIC_0002871,0,True,True,3,0_True
ISIC_0010092.png,0,1,0,0,1,0,0,0,benign,ISIC_0010092,0,True,True,2,0_True
ISIC_0000142.png,0,0,0,0,0,0,0,1,malignant,ISIC_0000142,1,True,True,0,1_False
ISIC_0015260.png,0,1,0,1,0,0,0,0,benign,ISIC_0015260,0,True,True,2,0_True
ISIC_0012127.png,0,0,0,1,1,0,1,0,benign,ISIC_0012127,0,True,True,3,0_True
ISIC_0000197.png,0,1,0,0,0,0,0,0,benign,ISIC_0000197,0,True,True,1,0_True
ISIC_0015150.png,0,0,0,1,0,0,0,0,benign,ISIC_0015150,0,True,True,1,0_True
ISIC_0015482.png,0,0,0,0,0,0,0,0,benign,ISIC_0015482,0,True,True,0,0_False
ISIC_0015018.png,0,1,0,1,0,0,0,0,benign,ISIC_0015018,0,True,True,2,0_True
ISIC_0014273.png,1,1,0,1,1,0,0,0,benign,ISIC_0014273,0,True,True,4,0_True
ISIC_0014805.png,0,1,0,1,0,0,0,0,benign,ISIC_0014805,0,True,True,2,0_True
ISIC_0014103.png,1,1,0,0,1,0,0,1,malignant,ISIC_0014103,1,True,True,3,1_True
ISIC_0007332.png,0,1,1,0,0,0,1,0,benign,ISIC_0007332,0,True,True,3,0_True
ISIC_0014790.png,0,1,0,1,0,0,0,1,malignant,ISIC_0014790,1,True,True,2,1_True
ISIC_0015947.png,0,1,1,0,1,1,0,0,benign,ISIC_0015947,0,True,True,4,0_True
ISIC_0004168.png,1,1,0,0,0,0,1,0,benign,ISIC_0004168,0,True,True,3,0_True
ISIC_0014046.png,1,0,0,0,1,1,0,0,benign,ISIC_0014046,0,True,True,3,0_True
ISIC_0012547.png,1,1,0,1,1,0,0,0,benign,ISIC_0012547,0,True,True,4,0_True
ISIC_0014548.png,1,0,0,0,1,0,0,1,malignant,ISIC_0014548,1,True,True,2,1_True
ISIC_0010067.png,0,1,0,1,0,0,0,1,malignant,ISIC_0010067,1,True,True,2,1_True
ISIC_0013527.png,0,1,1,0,1,1,0,0,benign,ISIC_0013527,0,True,True,4,0_True
ISIC_0013129.png,0,0,1,1,1,1,0,0,benign,ISIC_0013129,0,True,True,4,0_True
ISIC_0000524.png,0,1,0,0,0,0,0,0,benign,ISIC_0000524,0,True,True,1,0_True
ISIC_0014441.png,1,0,0,1,1,0,0,0,benign,ISIC_0014441,0,True,True,3,0_True
ISIC_0013639.png,1,0,0,0,1,0,0,1,malignant,ISIC_0013639,1,True,True,2,1_True
ISIC_0013181.png,0,0,1,0,1,1,0,0,benign,ISIC_0013181,0,True,True,3,0_True
ISIC_0001367.png,0,0,1,0,0,0,1,0,benign,ISIC_0001367,0,True,True,2,0_True
ISIC_0015496.png,0,1,0,0,0,0,0,0,benign,ISIC_0015496,0,True,True,1,0_True
ISIC_0012273.png,0,1,1,0,1,0,0,0,benign,ISIC_0012273,0,True,True,3,0_True
ISIC_0007760.png,0,1,1,0,0,0,1,0,benign,ISIC_0007760,0,True,True,3,0_True
ISIC_0016026.png,0,1,1,0,1,0,0,0,benign,ISIC_0016026,0,True,True,3,0_True
ISIC_0012135.png,0,1,1,0,1,1,0,0,benign,ISIC_0012135,0,True,True,4,0_True
ISIC_0010588.png,0,1,0,1,0,0,0,0,benign,ISIC_0010588,0,True,True,2,0_True
ISIC_0000138.png,0,1,0,1,0,0,0,0,benign,ISIC_0000138,0,True,True,2,0_True
ISIC_0008998.png,1,1,0,0,0,0,1,0,benign,ISIC_0008998,0,True,True,3,0_True
ISIC_0015173.png,0,0,0,1,0,0,0,0,benign,ISIC_0015173,0,True,True,1,0_True
ISIC_0013027.png,1,0,1,0,1,1,0,0,benign,ISIC_0013027,0,True,True,4,0_True
ISIC_0011098.png,0,1,0,0,1,0,0,0,benign,ISIC_0011098,0,True,True,2,0_True
ISIC_0015082.png,1,1,0,0,0,0,0,1,malignant,ISIC_0015082,1,True,True,2,1_True
ISIC_0015939.png,0,0,1,0,1,1,0,0,benign,ISIC_0015939,0,True,True,3,0_True
ISIC_0014743.png,0,1,0,1,0,0,0,0,benign,ISIC_0014743,0,True,True,2,0_True
ISIC_0010341.png,0,1,0,1,0,1,0,0,benign,ISIC_0010341,0,True,True,3,0_True
ISIC_0014347.png,1,0,0,0,1,0,0,1,malignant,ISIC_0014347,1,True,True,2,1_True
ISIC_0000254.png,1,0,0,0,0,0,0,0,benign,ISIC_0000254,0,True,True,1,0_True
ISIC_0016028.png,1,0,0,1,0,0,0,0,benign,ISIC_0016028,0,True,True,2,0_True
ISIC_0001852.png,0,0,1,0,0,0,1,0,benign,ISIC_0001852,0,True,True,2,0_True
ISIC_0012789.png,0,0,1,1,1,1,0,0,benign,ISIC_0012789,0,True,True,4,0_True
ISIC_0015212.png,0,1,0,1,0,0,0,0,benign,ISIC_0015212,0,True,True,2,0_True
ISIC_0012739.png,0,1,1,1,1,1,0,0,benign,ISIC_0012739,0,True,True,5,0_True
ISIC_0007557.png,0,1,1,0,0,0,1,0,benign,ISIC_0007557,0,True,True,3,0_True
ISIC_0016014.png,0,0,1,0,1,1,0,0,benign,ISIC_0016014,0,True,True,3,0_True
ISIC_0000133.png,1,0,0,1,1,0,0,0,benign,ISIC_0000133,0,True,True,3,0_True
ISIC_0011083.png,0,0,0,0,0,0,0,0,benign,ISIC_0011083,0,True,True,0,0_False
ISIC_0010462.png,0,0,0,0,0,0,0,0,benign,ISIC_0010462,0,True,True,0,0_False
ISIC_0000256.png,0,1,0,0,0,0,0,0,benign,ISIC_0000256,0,True,True,1,0_True
ISIC_0014525.png,1,1,0,1,1,0,0,1,malignant,ISIC_0014525,1,True,True,4,1_True
ISIC_0012550.png,1,0,1,1,1,0,0,0,benign,ISIC_0012550,0,True,True,4,0_True
ISIC_0015984.png,0,1,0,0,0,0,0,0,benign,ISIC_0015984,0,True,True,1,0_True
ISIC_0013559.png,1,1,0,1,1,0,0,0,benign,ISIC_0013559,0,True,True,4,0_True
ISIC_0007322.png,1,1,0,0,0,0,1,0,benign,ISIC_0007322,0,True,True,3,0_True
ISIC_0010009.png,0,1,0,0,0,0,0,0,benign,ISIC_0010009,0,True,True,1,0_True
ISIC_0015129.png,0,0,0,1,0,0,0,0,benign,ISIC_0015129,0,True,True,1,0_True
ISIC_0013226.png,1,0,0,1,1,0,0,0,benign,ISIC_0013226,0,True,True,3,0_True
ISIC_0014217.png,1,1,0,0,1,0,0,1,malignant,ISIC_0014217,1,True,True,3,1_True
ISIC_0013364.png,1,0,0,1,1,1,0,0,benign,ISIC_0013364,0,True,True,4,0_True
ISIC_0012216.png,0,1,1,1,1,0,0,0,benign,ISIC_0012216,0,True,True,4,0_True
ISIC_0010445.png,0,0,1,1,0,0,0,0,benign,ISIC_0010445,0,True,True,2,0_True
ISIC_0000169.png,1,1,0,0,0,0,0,1,malignant,ISIC_0000169,1,True,True,2,1_True
ISIC_0010435.png,0,0,1,1,1,0,0,0,benign,ISIC_0010435,0,True,True,3,0_True
ISIC_0012880.png,1,1,1,0,1,0,0,0,benign,ISIC_0012880,0,True,True,4,0_True
ISIC_0014624.png,1,0,0,0,0,0,0,0,benign,ISIC_0014624,0,True,True,1,0_True
ISIC_0000078.png,1,1,0,0,0,0,0,1,malignant,ISIC_0000078,1,True,True,2,1_True
ISIC_0014818.png,0,0,0,1,0,0,0,0,benign,ISIC_0014818,0,True,True,1,0_True
ISIC_0000397.png,0,1,0,0,0,0,0,0,benign,ISIC_0000397,0,True,True,1,0_True
ISIC_0010356.png,0,0,0,0,1,0,0,0,benign,ISIC_0010356,0,True,True,1,0_True
ISIC_0014730.png,0,0,0,1,0,0,0,0,benign,ISIC_0014730,0,True,True,1,0_True
ISIC_0010863.png,0,0,0,1,0,0,0,1,malignant,ISIC_0010863,1,True,True,1,1_True
ISIC_0010497.png,0,0,0,1,0,1,0,0,benign,ISIC_0010497,0,True,True,2,0_True
ISIC_0000167.png,0,1,0,1,0,0,0,1,malignant,ISIC_0000167,1,True,True,2,1_True
ISIC_0010380.png,0,1,0,1,0,0,0,1,malignant,ISIC_0010380,1,True,True,2,1_True
ISIC_0001134.png,0,0,0,0,1,0,0,1,malignant,ISIC_0001134,1,True,True,1,1_True
ISIC_0013772.png,1,0,1,0,1,1,0,0,benign,ISIC_0013772,0,True,True,4,0_True
ISIC_0014898.png,0,1,0,1,0,0,0,0,benign,ISIC_0014898,0,True,True,2,0_True
ISIC_0009921.png,0,1,0,1,0,0,0,0,benign,ISIC_0009921,0,True,True,2,0_True
ISIC_0014572.png,1,0,0,1,0,0,0,0,benign,ISIC_0014572,0,True,True,2,0_True
ISIC_0011128.png,0,0,0,1,1,0,0,1,malignant,ISIC_0011128,1,True,True,2,1_True
ISIC_0009940.png,0,0,0,0,0,0,0,0,benign,ISIC_0009940,0,True,True,0,0_False
ISIC_0012722.png,0,0,1,1,1,1,0,0,benign,ISIC_0012722,0,True,True,4,0_True
ISIC_0000107.png,0,0,0,1,1,0,0,0,benign,ISIC_0000107,0,True,True,2,0_True
ISIC_0000407.png,0,1,0,0,1,0,0,0,benign,ISIC_0000407,0,True,True,2,0_True
ISIC_0015013.png,0,1,0,1,0,0,0,0,benign,ISIC_0015013,0,True,True,2,0_True
ISIC_0000380.png,0,1,0,0,0,0,0,0,benign,ISIC_0000380,0,True,True,1,0_True
ISIC_0000200.png,0,1,0,1,0,0,0,0,benign,ISIC_0000200,0,True,True,2,0_True
ISIC_0013399.png,0,1,1,1,1,1,0,0,benign,ISIC_0013399,0,True,True,5,0_True
ISIC_0011397.png,0,1,0,0,0,0,0,0,benign,ISIC_0011397,0,True,True,1,0_True
ISIC_0014249.png,1,0,0,1,1,0,0,1,malignant,ISIC_0014249,1,True,True,3,1_True
ISIC_0012901.png,1,0,0,0,1,0,0,0,benign,ISIC_0012901,0,True,True,2,0_True
ISIC_0000463.png,0,1,1,0,0,0,0,1,malignant,ISIC_0000463,1,True,True,2,1_True
ISIC_0012538.png,1,1,1,0,1,0,0,0,benign,ISIC_0012538,0,True,True,4,0_True
ISIC_0000186.png,0,1,0,1,0,0,0,0,benign,ISIC_0000186,0,True,True,2,0_True
ISIC_0013141.png,0,1,1,0,1,0,0,1,malignant,ISIC_0013141,1,True,True,3,1_True
ISIC_0012670.png,0,0,1,0,1,1,0,0,benign,ISIC_0012670,0,True,True,3,0_True
ISIC_0013302.png,0,0,1,1,1,0,0,0,benign,ISIC_0013302,0,True,True,3,0_True
ISIC_0006776.png,0,1,1,0,0,0,1,0,benign,ISIC_0006776,0,True,True,3,0_True
ISIC_0014933.png,1,1,0,1,0,0,0,0,benign,ISIC_0014933,0,True,True,3,0_True
ISIC_0010207.png,1,1,1,0,1,0,0,1,malignant,ISIC_0010207,1,True,True,4,1_True
ISIC_0015171.png,0,1,0,1,0,0,0,0,benign,ISIC_0015171,0,True,True,2,0_True
ISIC_0014825.png,0,1,0,1,0,0,0,0,benign,ISIC_0014825,0,True,True,2,0_True
ISIC_0013490.png,1,1,0,0,1,1,0,1,malignant,ISIC_0013490,1,True,True,4,1_True
ISIC_0011199.png,0,0,0,0,1,0,0,0,benign,ISIC_0011199,0,True,True,1,0_True
ISIC_0000049.png,0,0,0,0,0,0,0,1,malignant,ISIC_0000049,1,True,True,0,1_False
ISIC_0015237.png,0,1,0,1,0,0,0,0,benign,ISIC_0015237,0,True,True,2,0_True
ISIC_0013558.png,1,1,0,1,1,0,0,0,benign,ISIC_0013558,0,True,True,4,0_True
ISIC_0000026.png,0,0,0,0,0,0,0,1,malignant,ISIC_0000026,1,True,True,0,1_False
ISIC_0015978.png,1,1,0,1,1,0,0,0,benign,ISIC_0015978,0,True,True,4,0_True
ISIC_0011366.png,0,1,0,0,1,0,0,1,malignant,ISIC_0011366,1,True,True,2,1_True
ISIC_0014720.png,0,1,0,1,0,0,0,0,benign,ISIC_0014720,0,True,True,2,0_True
ISIC_0001960.png,0,1,1,0,0,0,1,0,benign,ISIC_0001960,0,True,True,3,0_True
ISIC_0015203.png,0,1,0,1,0,0,0,0,benign,ISIC_0015203,0,True,True,2,0_True
ISIC_0011227.png,0,1,0,0,1,0,0,0,benign,ISIC_0011227,0,True,True,2,0_True
ISIC_0016070.png,1,1,0,1,1,0,0,0,benign,ISIC_0016070,0,True,True,4,0_True
ISIC_0000018.png,0,1,0,0,0,0,0,0,benign,ISIC_0000018,0,True,True,1,0_True
ISIC_0014855.png,0,1,0,1,0,0,0,0,benign,ISIC_0014855,0,True,True,2,0_True
ISIC_0011085.png,0,1,0,1,0,0,0,0,benign,ISIC_0011085,0,True,True,2,0_True
ISIC_0000004.png,1,1,0,1,1,0,0,1,malignant,ISIC_0000004,1,True,True,4,1_True
ISIC_0014998.png,0,1,0,1,0,0,0,0,benign,ISIC_0014998,0,True,True,2,0_True
ISIC_0013461.png,1,1,0,1,1,0,0,0,benign,ISIC_0013461,0,True,True,4,0_True
ISIC_0000121.png,0,1,0,1,0,0,0,0,benign,ISIC_0000121,0,True,True,2,0_True
ISIC_0000226.png,0,0,0,1,0,0,0,0,benign,ISIC_0000226,0,True,True,1,0_True
ISIC_0008403.png,0,1,1,0,0,0,1,0,benign,ISIC_0008403,0,True,True,3,0_True
ISIC_0015243.png,0,1,0,1,0,0,0,1,malignant,ISIC_0015243,1,True,True,2,1_True
ISIC_0013458.png,1,0,0,1,1,1,0,0,benign,ISIC_0013458,0,True,True,4,0_True
ISIC_0000020.png,0,1,0,1,0,0,0,0,benign,ISIC_0000020,0,True,True,2,0_True
ISIC_0011165.png,1,0,0,0,1,0,0,0,benign,ISIC_0011165,0,True,True,2,0_True
ISIC_0012907.png,1,1,0,0,1,1,0,0,benign,ISIC_0012907,0,True,True,4,0_True
ISIC_0009906.png,0,0,0,1,0,0,0,0,benign,ISIC_0009906,0,True,True,1,0_True
ISIC_0009897.png,0,0,0,1,0,0,0,1,malignant,ISIC_0009897,1,True,True,1,1_True
ISIC_0010607.png,1,1,0,1,1,0,0,0,benign,ISIC_0010607,0,True,True,4,0_True
ISIC_0010557.png,0,0,0,0,1,0,0,0,benign,ISIC_0010557,0,True,True,1,0_True
ISIC_0009941.png,0,1,0,0,0,0,0,0,benign,ISIC_0009941,0,True,True,1,0_True
ISIC_0000196.png,0,1,0,1,0,0,0,0,benign,ISIC_0000196,0,True,True,2,0_True
ISIC_0012417.png,1,0,1,0,1,0,0,0,benign,ISIC_0012417,0,True,True,3,0_True
ISIC_0015008.png,0,1,0,1,0,0,0,0,benign,ISIC_0015008,0,True,True,2,0_True
ISIC_0010576.png,0,0,0,0,1,0,0,1,malignant,ISIC_0010576,1,True,True,1,1_True
ISIC_0000364.png,1,1,1,0,0,0,0,0,benign,ISIC_0000364,0,True,True,3,0_True
ISIC_0014932.png,0,1,0,1,0,0,0,1,malignant,ISIC_0014932,1,True,True,2,1_True
ISIC_0000176.png,0,0,0,0,1,0,0,1,malignant,ISIC_0000176,1,True,True,1,1_True
ISIC_0012489.png,1,1,1,1,1,0,0,0,benign,ISIC_0012489,0,True,True,5,0_True
ISIC_0012147.png,0,0,1,0,1,0,0,0,benign,ISIC_0012147,0,True,True,2,0_True
ISIC_0012810.png,1,0,1,1,1,1,0,0,benign,ISIC_0012810,0,True,True,5,0_True
ISIC_0014617.png,1,1,0,0,0,0,0,0,benign,ISIC_0014617,0,True,True,2,0_True
ISIC_0013034.png,0,0,1,1,1,1,0,0,benign,ISIC_0013034,0,True,True,4,0_True
ISIC_0012988.png,0,1,1,0,1,1,0,1,malignant,ISIC_0012988,1,True,True,4,1_True
ISIC_0014904.png,0,1,0,1,0,0,0,0,benign,ISIC_0014904,0,True,True,2,0_True
ISIC_0014136.png,1,1,0,0,1,0,1,1,malignant,ISIC_0014136,1,True,True,4,1_True
ISIC_0012989.png,0,1,1,0,1,1,0,1,malignant,ISIC_0012989,1,True,True,4,1_True
ISIC_0015256.png,0,1,0,1,0,0,0,1,malignant,ISIC_0015256,1,True,True,2,1_True
ISIC_0012333.png,1,0,0,0,1,0,0,0,benign,ISIC_0012333,0,True,True,2,0_True
ISIC_0011130.png,0,1,0,1,0,0,0,1,malignant,ISIC_0011130,1,True,True,2,1_True
ISIC_0014848.png,0,1,0,1,0,0,0,0,benign,ISIC_0014848,0,True,True,2,0_True
ISIC_0014957.png,0,1,0,1,0,0,0,0,benign,ISIC_0014957,0,True,True,2,0_True
ISIC_0015969.png,0,0,1,1,1,1,0,0,benign,ISIC_0015969,0,True,True,4,0_True
ISIC_0014518.png,1,1,0,1,1,1,0,1,malignant,ISIC_0014518,1,True,True,5,1_True
ISIC_0010596.png,0,1,0,0,1,0,0,1,malignant,ISIC_0010596,1,True,True,2,1_True
ISIC_0006021.png,1,1,1,0,0,0,1,0,benign,ISIC_0006021,0,True,True,4,0_True
ISIC_0012228.png,1,0,0,1,1,1,0,0,benign,ISIC_0012228,0,True,True,4,0_True
ISIC_0010265.png,0,1,0,0,0,0,0,1,malignant,ISIC_0010265,1,True,True,1,1_True
ISIC_0013663.png,0,0,1,0,1,0,0,1,malignant,ISIC_0013663,1,True,True,2,1_True
ISIC_0000352.png,1,0,0,0,0,0,0,0,benign,ISIC_0000352,0,True,True,1,0_True
ISIC_0012877.png,1,1,0,1,1,1,0,0,benign,ISIC_0012877,0,True,True,5,0_True
ISIC_0012719.png,0,0,1,0,1,0,0,0,benign,ISIC_0012719,0,True,True,2,0_True
ISIC_0014748.png,0,1,0,0,0,0,0,0,benign,ISIC_0014748,0,True,True,1,0_True
ISIC_0000213.png,0,0,0,0,0,0,0,0,benign,ISIC_0000213,0,True,True,0,0_False
ISIC_0010449.png,0,1,0,0,0,0,0,0,benign,ISIC_0010449,0,True,True,1,0_True
ISIC_0000279.png,0,0,0,0,1,0,0,1,malignant,ISIC_0000279,1,True,True,1,1_True
ISIC_0000481.png,0,1,0,0,0,0,0,0,benign,ISIC_0000481,0,True,True,1,0_True
ISIC_0000484.png,0,1,0,0,0,0,0,1,malignant,ISIC_0000484,1,True,True,1,1_True
ISIC_0012683.png,0,1,1,1,1,1,0,0,benign,ISIC_0012683,0,True,True,5,0_True
ISIC_0014839.png,0,1,0,1,0,0,0,0,benign,ISIC_0014839,0,True,True,2,0_True
ISIC_0000354.png,0,0,0,0,0,0,0,0,benign,ISIC_0000354,0,True,True,0,0_False
ISIC_0012246.png,1,0,1,1,1,1,0,0,benign,ISIC_0012246,0,True,True,5,0_True
ISIC_0011089.png,0,1,0,0,0,0,0,0,benign,ISIC_0011089,0,True,True,1,0_True
ISIC_0001442.png,0,1,1,0,0,0,1,0,benign,ISIC_0001442,0,True,True,3,0_True
ISIC_0013595.png,0,0,1,0,1,1,0,0,benign,ISIC_0013595,0,True,True,3,0_True
ISIC_0015146.png,0,1,0,1,1,0,0,0,benign,ISIC_0015146,0,True,True,3,0_True
ISIC_0014985.png,0,0,0,1,0,0,0,1,malignant,ISIC_0014985,1,True,True,1,1_True
ISIC_0014862.png,0,1,0,1,0,0,0,1,malignant,ISIC_0014862,1,True,True,2,1_True
ISIC_0014846.png,0,1,0,1,0,0,0,0,benign,ISIC_0014846,0,True,True,2,0_True
ISIC_0014975.png,0,1,0,1,0,0,0,1,malignant,ISIC_0014975,1,True,True,2,1_True
ISIC_0011121.png,0,1,0,0,0,0,0,1,malignant,ISIC_0011121,1,True,True,1,1_True
ISIC_0000051.png,0,0,0,1,0,0,0,0,benign,ISIC_0000051,0,True,True,1,0_True
ISIC_0000485.png,0,0,0,1,0,0,0,0,benign,ISIC_0000485,0,True,True,1,0_True
ISIC_0010335.png,0,1,0,1,0,0,0,0,benign,ISIC_0010335,0,True,True,2,0_True
ISIC_0000301.png,1,1,0,0,0,0,0,1,malignant,ISIC_0000301,1,True,True,2,1_True
ISIC_0003805.png,0,1,1,0,0,0,1,0,benign,ISIC_0003805,0,True,True,3,0_True
ISIC_0014868.png,0,0,0,1,0,0,0,0,benign,ISIC_0014868,0,True,True,1,0_True
ISIC_0013196.png,0,1,1,0,1,1,0,0,benign,ISIC_0013196,0,True,True,4,0_True
ISIC_0001275.png,0,1,1,1,0,0,1,0,benign,ISIC_0001275,0,True,True,4,0_True
ISIC_0013374.png,0,0,1,0,1,0,0,1,malignant,ISIC_0013374,1,True,True,2,1_True
ISIC_0009956.png,0,1,0,0,1,0,0,0,benign,ISIC_0009956,0,True,True,2,0_True
ISIC_0015955.png,1,1,0,1,1,0,0,0,benign,ISIC_0015955,0,True,True,4,0_True
ISIC_0007528.png,0,1,1,0,0,0,1,0,benign,ISIC_0007528,0,True,True,3,0_True
ISIC_0013457.png,1,0,0,0,1,1,0,1,malignant,ISIC_0013457,1,True,True,3,1_True
ISIC_0000288.png,0,0,0,1,0,0,0,1,malignant,ISIC_0000288,1,True,True,1,1_True
ISIC_0000086.png,0,1,0,1,1,0,0,0,benign,ISIC_0000086,0,True,True,3,0_True
ISIC_0014728.png,0,1,0,1,0,0,0,0,benign,ISIC_0014728,0,True,True,2,0_True
ISIC_0016046.png,0,0,1,0,0,0,0,0,benign,ISIC_0016046,0,True,True,1,0_True
ISIC_0010439.png,0,1,0,0,0,0,0,0,benign,ISIC_0010439,0,True,True,1,0_True
ISIC_0015050.png,0,1,0,1,0,0,0,1,malignant,ISIC_0015050,1,True,True,2,1_True
ISIC_0012503.png,1,1,0,0,1,0,0,0,benign,ISIC_0012503,0,True,True,3,0_True
ISIC_0013121.png,0,1,1,0,1,1,0,0,benign,ISIC_0013121,0,True,True,4,0_True
ISIC_0016051.png,1,0,0,0,1,0,0,0,benign,ISIC_0016051,0,True,True,2,0_True
ISIC_0016060.png,1,0,0,1,1,0,0,0,benign,ISIC_0016060,0,True,True,3,0_True
ISIC_0000160.png,1,1,0,0,0,0,0,1,malignant,ISIC_0000160,1,True,True,2,1_True
ISIC_0012756.png,1,1,0,0,1,0,0,1,malignant,ISIC_0012756,1,True,True,3,1_True
ISIC_0013719.png,0,1,1,1,1,1,0,0,benign,ISIC_0013719,0,True,True,5,0_True
ISIC_0000071.png,1,1,0,0,1,0,0,0,benign,ISIC_0000071,0,True,True,3,0_True
ISIC_0012384.png,1,1,0,0,1,0,0,0,benign,ISIC_0012384,0,True,True,3,0_True
ISIC_0000355.png,1,1,0,0,0,0,0,0,benign,ISIC_0000355,0,True,True,2,0_True
ISIC_0011360.png,0,1,0,1,0,0,0,0,benign,ISIC_0011360,0,True,True,2,0_True
ISIC_0016029.png,1,0,0,1,1,1,0,0,benign,ISIC_0016029,0,True,True,4,0_True
ISIC_0014851.png,0,1,0,1,0,0,0,0,benign,ISIC_0014851,0,True,True,2,0_True
ISIC_0011218.png,0,1,0,0,1,0,0,0,benign,ISIC_0011218,0,True,True,2,0_True
ISIC_0013193.png,0,1,1,1,1,0,0,0,benign,ISIC_0013193,0,True,True,4,0_True
ISIC_0000161.png,0,1,0,1,0,0,0,1,malignant,ISIC_0000161,1,True,True,2,1_True
ISIC_0009881.png,0,0,0,0,1,0,0,0,benign,ISIC_0009881,0,True,True,1,0_True
ISIC_0015089.png,0,1,0,1,0,0,0,0,benign,ISIC_0015089,0,True,True,2,0_True
ISIC_0009927.png,1,0,0,0,1,0,0,1,malignant,ISIC_0009927,1,True,True,2,1_True
ISIC_0006982.png,0,1,1,0,0,0,1,0,benign,ISIC_0006982,0,True,True,3,0_True
ISIC_0014211.png,1,1,0,1,1,0,0,0,benign,ISIC_0014211,0,True,True,4,0_True
ISIC_0013980.png,1,1,0,1,1,1,0,0,benign,ISIC_0013980,0,True,True,5,0_True
ISIC_0012248.png,0,1,1,1,1,1,0,0,benign,ISIC_0012248,0,True,True,5,0_True
ISIC_0009880.png,0,0,0,0,1,0,0,0,benign,ISIC_0009880,0,True,True,1,0_True
ISIC_0000493.png,0,1,0,0,0,0,0,0,benign,ISIC_0000493,0,True,True,1,0_True
ISIC_0009979.png,0,1,0,0,1,0,0,0,benign,ISIC_0009979,0,True,True,2,0_True
ISIC_0014308.png,1,0,0,0,1,0,0,1,malignant,ISIC_0014308,1,True,True,2,1_True
ISIC_0013288.png,1,1,1,0,1,0,0,0,benign,ISIC_0013288,0,True,True,4,0_True
ISIC_0014937.png,0,1,0,1,0,0,0,0,benign,ISIC_0014937,0,True,True,2,0_True
ISIC_0013118.png,0,1,1,0,1,0,0,0,benign,ISIC_0013118,0,True,True,3,0_True
ISIC_0012876.png,1,0,1,1,1,1,0,0,benign,ISIC_0012876,0,True,True,5,0_True
ISIC_0000091.png,1,0,0,1,1,0,0,0,benign,ISIC_0000091,0,True,True,3,0_True
ISIC_0013310.png,1,1,0,0,1,0,0,0,benign,ISIC_0013310,0,True,True,3,0_True
ISIC_0014910.png,0,1,0,1,0,0,0,0,benign,ISIC_0014910,0,True,True,2,0_True
ISIC_0012852.png,1,0,1,0,1,1,0,0,benign,ISIC_0012852,0,True,True,4,0_True
ISIC_0010189.png,0,0,0,1,0,0,0,1,malignant,ISIC_0010189,1,True,True,1,1_True
ISIC_0010581.png,0,1,1,0,0,0,0,0,benign,ISIC_0010581,0,True,True,2,0_True
ISIC_0014453.png,1,1,0,1,1,0,0,0,benign,ISIC_0014453,0,True,True,4,0_True
ISIC_0001133.png,1,1,0,1,1,0,0,1,malignant,ISIC_0001133,1,True,True,4,1_True
ISIC_0010174.png,0,1,0,1,1,0,0,1,malignant,ISIC_0010174,1,True,True,3,1_True
ISIC_0013689.png,1,0,0,1,1,1,0,0,benign,ISIC_0013689,0,True,True,4,0_True
ISIC_0013010.png,0,0,1,0,1,0,0,0,benign,ISIC_0013010,0,True,True,2,0_True
ISIC_0000338.png,1,1,0,1,0,0,0,0,benign,ISIC_0000338,0,True,True,3,0_True
ISIC_0012865.png,1,1,0,0,1,1,0,0,benign,ISIC_0012865,0,True,True,4,0_True
ISIC_0000112.png,1,1,0,1,1,0,0,0,benign,ISIC_0000112,0,True,True,4,0_True
ISIC_0012941.png,1,1,0,0,1,0,0,0,benign,ISIC_0012941,0,True,True,3,0_True
ISIC_0012905.png,1,0,0,1,1,1,0,0,benign,ISIC_0012905,0,True,True,4,0_True
ISIC_0011296.png,0,1,0,0,0,0,0,0,benign,ISIC_0011296,0,True,True,1,0_True
ISIC_0015973.png,0,1,0,1,0,0,0,0,benign,ISIC_0015973,0,True,True,2,0_True
ISIC_0012381.png,0,1,1,0,1,1,0,0,benign,ISIC_0012381,0,True,True,4,0_True
ISIC_0015216.png,0,1,0,1,0,0,0,0,benign,ISIC_0015216,0,True,True,2,0_True
ISIC_0009923.png,0,1,0,1,0,0,0,0,benign,ISIC_0009923,0,True,True,2,0_True
ISIC_0013501.png,1,1,1,1,1,1,0,1,malignant,ISIC_0013501,1,True,True,6,1_True
ISIC_0012653.png,1,1,0,0,1,0,0,0,benign,ISIC_0012653,0,True,True,3,0_True
ISIC_0014762.png,0,1,0,0,0,0,0,0,benign,ISIC_0014762,0,True,True,1,0_True
ISIC_0000311.png,1,0,0,0,0,0,0,1,malignant,ISIC_0000311,1,True,True,1,1_True
ISIC_0000141.png,0,0,0,1,0,0,0,1,malignant,ISIC_0000141,1,True,True,1,1_True
ISIC_0010490.png,0,1,0,0,0,0,0,0,benign,ISIC_0010490,0,True,True,1,0_True
ISIC_0013567.png,1,0,1,1,1,1,0,1,malignant,ISIC_0013567,1,True,True,5,1_True
ISIC_0002836.png,1,1,1,0,0,0,1,0,benign,ISIC_0002836,0,True,True,4,0_True
ISIC_0008785.png,0,1,1,0,0,0,1,0,benign,ISIC_0008785,0,True,True,3,0_True
ISIC_0012879.png,1,0,1,0,1,1,0,0,benign,ISIC_0012879,0,True,True,4,0_True
ISIC_0012704.png,0,0,1,1,1,1,0,0,benign,ISIC_0012704,0,True,True,4,0_True
ISIC_0014248.png,1,1,0,1,1,0,0,0,benign,ISIC_0014248,0,True,True,4,0_True
ISIC_0013911.png,0,0,1,0,1,1,0,0,benign,ISIC_0013911,0,True,True,3,0_True
ISIC_0014863.png,0,1,0,1,0,0,0,0,benign,ISIC_0014863,0,True,True,2,0_True
ISIC_0015443.png,0,1,0,1,0,0,0,0,benign,ISIC_0015443,0,True,True,2,0_True
ISIC_0000519.png,0,0,0,0,1,0,0,1,malignant,ISIC_0000519,1,True,True,1,1_True
ISIC_0013830.png,1,1,0,1,1,1,0,0,benign,ISIC_0013830,0,True,True,5,0_True
ISIC_0013220.png,0,1,1,0,1,0,0,0,benign,ISIC_0013220,0,True,True,3,0_True
ISIC_0013294.png,1,0,0,1,1,1,0,0,benign,ISIC_0013294,0,True,True,4,0_True
ISIC_0013740.png,0,0,1,1,1,1,0,1,malignant,ISIC_0013740,1,True,True,4,1_True
ISIC_0000357.png,1,0,1,0,0,0,0,0,benign,ISIC_0000357,0,True,True,2,0_True
ISIC_0000255.png,1,0,0,0,0,0,0,0,benign,ISIC_0000255,0,True,True,1,0_True
ISIC_0007788.png,1,0,1,0,0,0,1,0,benign,ISIC_0007788,0,True,True,3,0_True
ISIC_0000297.png,1,1,0,0,0,0,0,1,malignant,ISIC_0000297,1,True,True,2,1_True
ISIC_0012814.png,1,0,1,0,1,1,0,0,benign,ISIC_0012814,0,True,True,4,0_True
ISIC_0000546.png,0,1,0,0,0,0,0,0,benign,ISIC_0000546,0,True,True,1,0_True
ISIC_0014108.png,1,1,0,0,1,0,0,1,malignant,ISIC_0014108,1,True,True,3,1_True
ISIC_0014944.png,0,1,0,1,0,0,0,0,benign,ISIC_0014944,0,True,True,2,0_True
ISIC_0009992.png,1,1,0,0,1,0,0,1,malignant,ISIC_0009992,1,True,True,3,1_True
ISIC_0014328.png,1,0,0,1,1,1,0,0,benign,ISIC_0014328,0,True,True,4,0_True
ISIC_0014133.png,1,1,0,1,1,0,0,1,malignant,ISIC_0014133,1,True,True,4,1_True
ISIC_0014666.png,1,1,0,1,0,0,0,1,malignant,ISIC_0014666,1,True,True,3,1_True
ISIC_0006940.png,1,1,1,0,0,0,1,0,benign,ISIC_0006940,0,True,True,4,0_True
ISIC_0013817.png,1,1,0,1,1,0,0,0,benign,ISIC_0013817,0,True,True,4,0_True
ISIC_0013498.png,1,0,0,0,1,0,0,0,benign,ISIC_0013498,0,True,True,2,0_True
ISIC_0014609.png,1,0,0,0,0,0,0,0,benign,ISIC_0014609,0,True,True,1,0_True
ISIC_0010585.png,1,0,0,0,1,0,0,0,benign,ISIC_0010585,0,True,True,2,0_True
ISIC_0010472.png,1,0,0,0,1,0,0,0,benign,ISIC_0010472,0,True,True,2,0_True
ISIC_0013390.png,1,1,0,0,1,0,0,0,benign,ISIC_0013390,0,True,True,3,0_True
ISIC_0013414.png,1,0,0,1,1,1,0,1,malignant,ISIC_0013414,1,True,True,4,1_True
ISIC_0003582.png,0,1,1,0,0,0,1,0,benign,ISIC_0003582,0,True,True,3,0_True
ISIC_0010465.png,0,1,0,0,0,0,0,0,benign,ISIC_0010465,0,True,True,1,0_True
ISIC_0015971.png,0,0,1,0,1,0,0,0,benign,ISIC_0015971,0,True,True,2,0_True
ISIC_0014814.png,0,0,0,1,0,0,0,0,benign,ISIC_0014814,0,True,True,1,0_True
ISIC_0014922.png,1,0,0,1,1,0,0,1,malignant,ISIC_0014922,1,True,True,3,1_True
ISIC_0010201.png,0,1,0,1,0,1,0,0,benign,ISIC_0010201,0,True,True,3,0_True
ISIC_0010587.png,0,1,0,1,0,0,0,1,malignant,ISIC_0010587,1,True,True,2,1_True
ISIC_0013588.png,1,0,0,1,1,1,0,1,malignant,ISIC_0013588,1,True,True,4,1_True
ISIC_0011330.png,0,0,0,1,1,0,0,0,benign,ISIC_0011330,0,True,True,2,0_True
ISIC_0013169.png,0,1,1,0,1,1,0,0,benign,ISIC_0013169,0,True,True,4,0_True
ISIC_0013599.png,1,0,1,1,1,1,0,0,benign,ISIC_0013599,0,True,True,5,0_True
ISIC_0000068.png,1,1,0,0,0,0,0,0,benign,ISIC_0000068,0,True,True,2,0_True
ISIC_0012178.png,0,0,1,0,1,0,0,0,benign,ISIC_0012178,0,True,True,2,0_True
ISIC_0005639.png,0,0,1,0,0,0,1,0,benign,ISIC_0005639,0,True,True,2,0_True
ISIC_0015975.png,0,1,1,1,1,0,0,0,benign,ISIC_0015975,0,True,True,4,0_True
ISIC_0012278.png,0,1,1,1,1,0,0,0,benign,ISIC_0012278,0,True,True,4,0_True
ISIC_0010856.png,0,0,0,0,0,0,0,0,benign,ISIC_0010856,0,True,True,0,0_False
ISIC_0013610.png,0,1,1,0,1,1,0,1,malignant,ISIC_0013610,1,True,True,4,1_True
ISIC_0016012.png,0,0,1,0,1,1,0,0,benign,ISIC_0016012,0,True,True,3,0_True
ISIC_0000030.png,1,0,0,0,0,0,0,1,malignant,ISIC_0000030,1,True,True,1,1_True
ISIC_0016048.png,1,0,0,0,1,0,0,0,benign,ISIC_0016048,0,True,True,2,0_True
ISIC_0000057.png,0,1,0,0,0,0,0,0,benign,ISIC_0000057,0,True,True,1,0_True
ISIC_0011124.png,0,1,0,1,0,0,0,0,benign,ISIC_0011124,0,True,True,2,0_True
ISIC_0010862.png,0,0,0,0,0,0,0,1,malignant,ISIC_0010862,1,True,True,0,1_False
ISIC_0000046.png,1,1,0,0,0,0,0,1,malignant,ISIC_0000046,1,True,True,2,1_True
ISIC_0009201.png,1,1,0,0,0,0,1,0,benign,ISIC_0009201,0,True,True,3,0_True
ISIC_0011099.png,0,1,0,0,1,0,0,1,malignant,ISIC_0011099,1,True,True,2,1_True
ISIC_0015568.png,1,1,0,1,0,0,0,0,benign,ISIC_0015568,0,True,True,3,0_True
ISIC_0014337.png,1,0,0,1,1,0,0,1,malignant,ISIC_0014337,1,True,True,3,1_True
ISIC_0013797.png,1,0,0,1,1,1,0,0,benign,ISIC_0013797,0,True,True,4,0_True
ISIC_0010176.png,0,1,0,0,1,0,0,0,benign,ISIC_0010176,0,True,True,2,0_True
ISIC_0014490.png,0,0,1,0,1,0,0,0,benign,ISIC_0014490,0,True,True,2,0_True
ISIC_0015944.png,0,0,1,1,1,1,0,0,benign,ISIC_0015944,0,True,True,4,0_True
ISIC_0014127.png,1,1,0,0,1,0,0,1,malignant,ISIC_0014127,1,True,True,3,1_True
ISIC_0000382.png,0,1,0,0,0,0,0,0,benign,ISIC_0000382,0,True,True,1,0_True
ISIC_0014151.png,1,1,0,1,1,0,0,1,malignant,ISIC_0014151,1,True,True,4,1_True
ISIC_0016011.png,1,0,0,1,1,1,0,0,benign,ISIC_0016011,0,True,True,4,0_True
ISIC_0015207.png,0,1,0,1,0,0,0,0,benign,ISIC_0015207,0,True,True,2,0_True
ISIC_0008347.png,1,1,0,0,0,0,1,0,benign,ISIC_0008347,0,True,True,3,0_True
ISIC_0001191.png,1,1,0,0,0,0,1,0,benign,ISIC_0001191,0,True,True,3,0_True
ISIC_0016033.png,1,0,0,0,1,1,0,0,benign,ISIC_0016033,0,True,True,3,0_True
ISIC_0010372.png,0,0,0,1,0,0,0,1,malignant,ISIC_0010372,1,True,True,1,1_True
ISIC_0010090.png,0,1,0,1,0,0,0,0,benign,ISIC_0010090,0,True,True,2,0_True
ISIC_0014876.png,0,1,0,1,0,0,0,0,benign,ISIC_0014876,0,True,True,2,0_True
ISIC_0015015.png,0,1,0,1,0,0,0,0,benign,ISIC_0015015,0,True,True,2,0_True
ISIC_0012360.png,0,1,1,0,1,1,0,0,benign,ISIC_0012360,0,True,True,4,0_True
ISIC_0013326.png,1,1,0,0,1,1,0,0,benign,ISIC_0013326,0,True,True,4,0_True
ISIC_0013489.png,0,1,1,0,1,0,0,0,benign,ISIC_0013489,0,True,True,3,0_True
ISIC_0012332.png,1,0,0,0,1,0,0,0,benign,ISIC_0012332,0,True,True,2,0_True
ISIC_0012164.png,0,0,1,0,1,1,0,0,benign,ISIC_0012164,0,True,True,3,0_True
ISIC_0014583.png,1,1,0,1,0,0,1,0,benign,ISIC_0014583,0,True,True,4,0_True
ISIC_0014423.png,1,0,0,1,1,0,0,1,malignant,ISIC_0014423,1,True,True,3,1_True
ISIC_0000548.png,0,0,0,0,1,0,0,1,malignant,ISIC_0000548,1,True,True,1,1_True
ISIC_0014770.png,0,1,0,1,0,0,0,0,benign,ISIC_0014770,0,True,True,2,0_True
ISIC_0014317.png,1,1,0,1,1,0,0,0,benign,ISIC_0014317,0,True,True,4,0_True
ISIC_0000175.png,0,0,0,1,0,0,0,1,malignant,ISIC_0000175,1,True,True,1,1_True
ISIC_0014683.png,0,1,0,1,0,0,0,0,benign,ISIC_0014683,0,True,True,2,0_True
ISIC_0010342.png,0,1,0,1,0,0,0,0,benign,ISIC_0010342,0,True,True,2,0_True
ISIC_0013160.png,1,1,0,1,1,0,0,0,benign,ISIC_0013160,0,True,True,4,0_True
ISIC_0014760.png,1,1,0,1,0,0,0,0,benign,ISIC_0014760,0,True,True,3,0_True
ISIC_0014775.png,0,1,0,1,0,0,0,0,benign,ISIC_0014775,0,True,True,2,0_True
ISIC_0015064.png,0,0,0,1,0,0,0,0,benign,ISIC_0015064,0,True,True,1,0_True
ISIC_0000476.png,0,1,0,0,0,0,0,0,benign,ISIC_0000476,0,True,True,1,0_True
ISIC_0011079.png,0,1,0,1,0,0,0,0,benign,ISIC_0011079,0,True,True,2,0_True
ISIC_0013552.png,0,1,1,0,1,1,0,0,benign,ISIC_0013552,0,True,True,4,0_True
ISIC_0014454.png,1,0,0,1,1,1,0,1,malignant,ISIC_0014454,1,True,True,4,1_True
ISIC_0015603.png,0,1,0,0,0,0,0,0,benign,ISIC_0015603,0,True,True,1,0_True
ISIC_0000262.png,0,1,0,0,0,0,0,0,benign,ISIC_0000262,0,True,True,1,0_True
ISIC_0015641.png,1,1,0,1,0,0,0,0,benign,ISIC_0015641,0,True,True,3,0_True
ISIC_0016043.png,1,1,0,1,1,1,0,0,benign,ISIC_0016043,0,True,True,5,0_True
ISIC_0000378.png,0,1,0,0,0,0,0,0,benign,ISIC_0000378,0,True,True,1,0_True
ISIC_0011118.png,0,0,0,0,1,0,0,1,malignant,ISIC_0011118,1,True,True,1,1_True
ISIC_0012223.png,1,0,1,1,1,0,0,0,benign,ISIC_0012223,0,True,True,4,0_True
ISIC_0000102.png,0,1,0,1,0,0,0,0,benign,ISIC_0000102,0,True,True,2,0_True
ISIC_0010475.png,0,1,0,0,0,0,0,0,benign,ISIC_0010475,0,True,True,1,0_True
ISIC_0011224.png,0,1,0,0,1,0,0,0,benign,ISIC_0011224,0,True,True,2,0_True
ISIC_0014702.png,0,1,0,1,0,0,0,0,benign,ISIC_0014702,0,True,True,2,0_True
ISIC_0000372.png,1,1,0,1,0,0,0,0,benign,ISIC_0000372,0,True,True,3,0_True
ISIC_0013434.png,1,0,0,0,1,1,0,0,benign,ISIC_0013434,0,True,True,3,0_True
ISIC_0000510.png,0,1,0,0,0,0,0,0,benign,ISIC_0000510,0,True,True,1,0_True
ISIC_0014233.png,1,0,0,1,1,0,0,1,malignant,ISIC_0014233,1,True,True,3,1_True
ISIC_0014157.png,1,1,0,0,1,0,0,1,malignant,ISIC_0014157,1,True,True,3,1_True
ISIC_0010168.png,0,0,0,1,0,0,0,0,benign,ISIC_0010168,0,True,True,1,0_True
ISIC_0000062.png,0,1,0,0,0,0,0,0,benign,ISIC_0000062,0,True,True,1,0_True
ISIC_0006815.png,1,1,0,0,0,0,1,0,benign,ISIC_0006815,0,True,True,3,0_True
ISIC_0012836.png,1,0,0,0,1,0,0,0,benign,ISIC_0012836,0,True,True,2,0_True
ISIC_0013836.png,1,1,0,0,1,0,0,0,benign,ISIC_0013836,0,True,True,3,0_True
ISIC_0014183.png,1,1,0,1,1,0,0,1,malignant,ISIC_0014183,1,True,True,4,1_True
ISIC_0014478.png,1,0,0,1,1,0,0,1,malignant,ISIC_0014478,1,True,True,3,1_True
ISIC_0015161.png,0,1,0,1,0,0,0,0,benign,ISIC_0015161,0,True,True,2,0_True
ISIC_0013233.png,0,0,1,1,1,0,0,0,benign,ISIC_0013233,0,True,True,3,0_True
ISIC_0015202.png,0,1,0,1,0,0,0,0,benign,ISIC_0015202,0,True,True,2,0_True
ISIC_0014073.png,1,0,0,1,1,0,0,0,benign,ISIC_0014073,0,True,True,3,0_True
ISIC_0014675.png,0,1,0,1,0,0,0,0,benign,ISIC_0014675,0,True,True,2,0_True
ISIC_0000391.png,0,1,0,0,0,0,0,0,benign,ISIC_0000391,0,True,True,1,0_True
ISIC_0000044.png,1,1,0,1,0,0,0,0,benign,ISIC_0000044,0,True,True,3,0_True
ISIC_0014739.png,0,1,0,0,0,0,0,0,benign,ISIC_0014739,0,True,True,1,0_True
ISIC_0015149.png,0,0,0,1,0,0,0,0,benign,ISIC_0015149,0,True,True,1,0_True
ISIC_0000353.png,1,1,0,1,0,0,0,0,benign,ISIC_0000353,0,True,True,3,0_True
ISIC_0014605.png,1,0,0,1,0,0,0,0,benign,ISIC_0014605,0,True,True,2,0_True
ISIC_0000409.png,0,1,0,0,1,0,0,0,benign,ISIC_0000409,0,True,True,2,0_True
ISIC_0000425.png,1,1,0,0,1,0,0,0,benign,ISIC_0000425,0,True,True,3,0_True
ISIC_0012473.png,1,0,1,1,1,0,0,0,benign,ISIC_0012473,0,True,True,4,0_True
ISIC_0013602.png,1,0,0,0,1,1,0,0,benign,ISIC_0013602,0,True,True,3,0_True
ISIC_0012148.png,0,1,1,0,1,0,0,0,benign,ISIC_0012148,0,True,True,3,0_True
ISIC_0014901.png,0,1,0,1,0,0,0,0,benign,ISIC_0014901,0,True,True,2,0_True
ISIC_0011343.png,0,1,0,0,0,0,0,0,benign,ISIC_0011343,0,True,True,1,0_True
ISIC_0013321.png,0,0,0,0,1,1,0,1,malignant,ISIC_0013321,1,True,True,2,1_True
ISIC_0000530.png,0,0,0,0,1,0,0,0,benign,ISIC_0000530,0,True,True,1,0_True
ISIC_0014069.png,1,0,0,1,1,0,0,0,benign,ISIC_0014069,0,True,True,3,0_True
ISIC_0011135.png,0,1,0,1,1,0,0,1,malignant,ISIC_0011135,1,True,True,3,1_True
ISIC_0016022.png,1,0,0,1,1,0,0,0,benign,ISIC_0016022,0,True,True,3,0_True
ISIC_0005787.png,0,1,1,0,0,0,1,0,benign,ISIC_0005787,0,True,True,3,0_True
ISIC_0012475.png,1,0,1,0,1,0,0,0,benign,ISIC_0012475,0,True,True,3,0_True
ISIC_0000222.png,0,1,0,0,0,0,0,0,benign,ISIC_0000222,0,True,True,1,0_True
ISIC_0001152.png,0,1,0,0,0,0,0,1,malignant,ISIC_0001152,1,True,True,1,1_True
ISIC_0011347.png,0,1,0,1,0,0,0,0,benign,ISIC_0011347,0,True,True,2,0_True
ISIC_0014692.png,0,1,0,1,0,0,0,0,benign,ISIC_0014692,0,True,True,2,0_True
ISIC_0014722.png,0,1,0,1,0,0,0,1,malignant,ISIC_0014722,1,True,True,2,1_True
ISIC_0012662.png,0,1,1,0,0,1,0,0,benign,ISIC_0012662,0,True,True,3,0_True
ISIC_0000265.png,0,1,0,1,0,0,0,0,benign,ISIC_0000265,0,True,True,2,0_True
ISIC_0013795.png,0,0,1,1,1,1,0,0,benign,ISIC_0013795,0,True,True,4,0_True
ISIC_0012268.png,1,1,1,0,1,1,0,0,benign,ISIC_0012268,0,True,True,5,0_True
ISIC_0014768.png,0,1,0,1,0,0,0,0,benign,ISIC_0014768,0,True,True,2,0_True
ISIC_0013792.png,0,1,1,1,1,0,0,0,benign,ISIC_0013792,0,True,True,4,0_True
ISIC_0004115.png,1,1,0,0,0,0,1,0,benign,ISIC_0004115,0,True,True,3,0_True
ISIC_0015274.png,0,1,0,1,0,0,0,0,benign,ISIC_0015274,0,True,True,2,0_True
ISIC_0008993.png,0,1,1,0,0,0,1,0,benign,ISIC_0008993,0,True,True,3,0_True
ISIC_0000143.png,0,0,0,1,0,0,0,1,malignant,ISIC_0000143,1,True,True,1,1_True
ISIC_0010064.png,0,1,0,0,0,0,0,0,benign,ISIC_0010064,0,True,True,1,0_True
ISIC_0011176.png,0,0,0,0,1,0,0,1,malignant,ISIC_0011176,1,True,True,1,1_True
ISIC_0015233.png,0,1,0,1,0,0,0,0,benign,ISIC_0015233,0,True,True,2,0_True
ISIC_0012758.png,0,1,0,0,0,0,0,1,malignant,ISIC_0012758,1,True,True,1,1_True
ISIC_0000340.png,1,0,0,1,0,0,0,0,benign,ISIC_0000340,0,True,True,2,0_True
ISIC_0000038.png,0,0,0,1,0,0,0,0,benign,ISIC_0000038,0,True,True,1,0_True
ISIC_0014139.png,1,1,0,1,1,0,0,0,benign,ISIC_0014139,0,True,True,4,0_True
ISIC_0013526.png,0,0,1,0,1,1,0,0,benign,ISIC_0013526,0,True,True,3,0_True
ISIC_0009949.png,0,0,0,0,1,0,0,0,benign,ISIC_0009949,0,True,True,1,0_True
ISIC_0012702.png,0,1,1,0,1,1,0,0,benign,ISIC_0012702,0,True,True,4,0_True
ISIC_0010334.png,0,0,0,1,0,0,0,0,benign,ISIC_0010334,0,True,True,1,0_True
ISIC_0014994.png,0,1,0,1,0,0,0,0,benign,ISIC_0014994,0,True,True,2,0_True
ISIC_0011298.png,1,1,0,0,1,0,0,0,benign,ISIC_0011298,0,True,True,3,0_True
ISIC_0000529.png,0,1,0,0,0,0,0,0,benign,ISIC_0000529,0,True,True,1,0_True
ISIC_0013739.png,0,0,1,0,1,1,0,1,malignant,ISIC_0013739,1,True,True,3,1_True
ISIC_0016068.png,1,0,0,1,1,0,0,0,benign,ISIC_0016068,0,True,True,3,0_True
ISIC_0013432.png,1,1,0,0,1,0,0,0,benign,ISIC_0013432,0,True,True,3,0_True
ISIC_0013680.png,1,0,1,1,1,1,0,0,benign,ISIC_0013680,0,True,True,5,0_True
ISIC_0001118.png,0,0,0,0,1,0,0,1,malignant,ISIC_0001118,1,True,True,1,1_True
ISIC_0000383.png,0,1,0,0,0,0,0,0,benign,ISIC_0000383,0,True,True,1,0_True
ISIC_0013306.png,1,0,1,1,1,0,0,0,benign,ISIC_0013306,0,True,True,4,0_True
ISIC_0013798.png,0,0,1,1,1,1,0,0,benign,ISIC_0013798,0,True,True,4,0_True
ISIC_0000124.png,0,0,0,1,0,0,0,0,benign,ISIC_0000124,0,True,True,1,0_True
ISIC_0012464.png,0,1,1,0,1,1,0,0,benign,ISIC_0012464,0,True,True,4,0_True
ISIC_0013242.png,1,0,1,0,1,1,0,1,malignant,ISIC_0013242,1,True,True,4,1_True
ISIC_0007087.png,0,1,1,0,0,0,1,0,benign,ISIC_0007087,0,True,True,3,0_True
ISIC_0014576.png,1,0,0,0,0,0,1,0,benign,ISIC_0014576,0,True,True,2,0_True
ISIC_0014581.png,1,1,0,0,0,0,1,0,benign,ISIC_0014581,0,True,True,3,0_True
ISIC_0006800.png,0,1,1,1,0,0,1,0,benign,ISIC_0006800,0,True,True,4,0_True
ISIC_0015046.png,0,1,0,1,0,0,0,1,malignant,ISIC_0015046,1,True,True,2,1_True
ISIC_0014263.png,1,0,0,1,1,0,0,0,benign,ISIC_0014263,0,True,True,3,0_True
ISIC_0012746.png,0,0,1,1,1,1,0,0,benign,ISIC_0012746,0,True,True,4,0_True
ISIC_0000187.png,0,1,0,0,0,0,0,0,benign,ISIC_0000187,0,True,True,1,0_True
ISIC_0010320.png,1,0,0,0,1,0,0,0,benign,ISIC_0010320,0,True,True,2,0_True
ISIC_0012902.png,1,1,1,0,1,0,0,0,benign,ISIC_0012902,0,True,True,4,0_True
ISIC_0014907.png,0,1,0,1,0,0,0,0,benign,ISIC_0014907,0,True,True,2,0_True
ISIC_0015330.png,0,1,0,1,0,0,0,0,benign,ISIC_0015330,0,True,True,2,0_True
ISIC_0000039.png,0,1,0,1,0,0,0,0,benign,ISIC_0000039,0,True,True,2,0_True
ISIC_0010234.png,0,0,0,1,0,0,0,0,benign,ISIC_0010234,0,True,True,1,0_True
ISIC_0012335.png,0,0,1,0,1,1,0,0,benign,ISIC_0012335,0,True,True,3,0_True
ISIC_0010241.png,0,1,0,0,1,0,0,1,malignant,ISIC_0010241,1,True,True,2,1_True
ISIC_0000092.png,0,1,0,0,0,0,0,0,benign,ISIC_0000092,0,True,True,1,0_True
ISIC_0000277.png,1,1,0,1,1,0,0,1,malignant,ISIC_0000277,1,True,True,4,1_True
ISIC_0010574.png,0,1,0,0,1,1,0,0,benign,ISIC_0010574,0,True,True,3,0_True
ISIC_0010229.png,0,0,0,0,1,0,0,0,benign,ISIC_0010229,0,True,True,1,0_True
ISIC_0014707.png,1,1,0,1,0,0,0,0,benign,ISIC_0014707,0,True,True,3,0_True
ISIC_0000259.png,0,1,0,0,0,0,0,0,benign,ISIC_0000259,0,True,True,1,0_True
ISIC_0012940.png,1,0,0,1,1,0,0,0,benign,ISIC_0012940,0,True,True,3,0_True
ISIC_0010257.png,0,1,0,0,0,0,0,0,benign,ISIC_0010257,0,True,True,1,0_True
ISIC_0012118.png,1,1,0,0,1,0,0,0,benign,ISIC_0012118,0,True,True,3,0_True
ISIC_0010256.png,0,0,0,0,0,0,0,0,benign,ISIC_0010256,0,True,True,0,0_False
ISIC_0015418.png,0,1,0,1,0,0,0,0,benign,ISIC_0015418,0,True,True,2,0_True
ISIC_0009954.png,0,0,0,0,1,0,0,0,benign,ISIC_0009954,0,True,True,1,0_True
ISIC_0012735.png,0,0,1,0,1,0,0,0,benign,ISIC_0012735,0,True,True,2,0_True
ISIC_0000449.png,0,0,0,0,1,0,0,0,benign,ISIC_0000449,0,True,True,1,0_True
ISIC_0009970.png,0,0,0,1,0,0,0,0,benign,ISIC_0009970,0,True,True,1,0_True
ISIC_0000433.png,0,1,0,0,0,0,0,0,benign,ISIC_0000433,0,True,True,1,0_True
ISIC_0006350.png,0,1,1,0,0,0,1,0,benign,ISIC_0006350,0,True,True,3,0_True
ISIC_0015206.png,0,1,0,1,1,0,0,1,malignant,ISIC_0015206,1,True,True,3,1_True
ISIC_0013500.png,1,1,0,0,1,0,0,1,malignant,ISIC_0013500,1,True,True,3,1_True
ISIC_0014382.png,1,0,1,1,1,0,0,0,benign,ISIC_0014382,0,True,True,4,0_True
ISIC_0014160.png,1,1,0,1,1,0,0,1,malignant,ISIC_0014160,1,True,True,4,1_True
ISIC_0000313.png,1,1,0,0,0,0,0,1,malignant,ISIC_0000313,1,True,True,2,1_True
ISIC_0003005.png,0,1,1,0,0,0,1,0,benign,ISIC_0003005,0,True,True,3,0_True
ISIC_0000395.png,0,0,0,0,1,0,0,1,malignant,ISIC_0000395,1,True,True,1,1_True
ISIC_0012395.png,0,1,1,0,1,0,0,1,malignant,ISIC_0012395,1,True,True,3,1_True
ISIC_0014526.png,1,0,0,1,1,0,0,0,benign,ISIC_0014526,0,True,True,3,0_True
ISIC_0000453.png,0,0,0,0,0,0,0,0,benign,ISIC_0000453,0,True,True,0,0_False
ISIC_0014458.png,1,0,0,0,1,0,0,0,benign,ISIC_0014458,0,True,True,2,0_True
ISIC_0006795.png,1,1,1,0,0,0,1,0,benign,ISIC_0006795,0,True,True,4,0_True
ISIC_0000337.png,1,1,0,0,0,0,0,0,benign,ISIC_0000337,0,True,True,2,0_True
ISIC_0013136.png,0,1,1,0,1,1,0,0,benign,ISIC_0013136,0,True,True,4,0_True
ISIC_0000523.png,0,1,0,0,0,0,0,0,benign,ISIC_0000523,0,True,True,1,0_True
ISIC_0012705.png,0,1,1,0,1,1,0,0,benign,ISIC_0012705,0,True,True,4,0_True
ISIC_0010336.png,0,1,0,1,0,0,0,0,benign,ISIC_0010336,0,True,True,2,0_True
ISIC_0015037.png,0,1,0,1,0,0,0,0,benign,ISIC_0015037,0,True,True,2,0_True
ISIC_0012487.png,0,0,1,1,1,0,0,0,benign,ISIC_0012487,0,True,True,3,0_True
ISIC_0010183.png,0,0,0,0,1,0,0,0,benign,ISIC_0010183,0,True,True,1,0_True
ISIC_0010225.png,0,1,0,0,0,0,0,1,malignant,ISIC_0010225,1,True,True,1,1_True
ISIC_0016040.png,0,0,1,0,1,0,0,0,benign,ISIC_0016040,0,True,True,2,0_True
ISIC_0000292.png,0,1,0,0,1,0,0,1,malignant,ISIC_0000292,1,True,True,2,1_True
ISIC_0014740.png,0,1,0,1,0,0,0,0,benign,ISIC_0014740,0,True,True,2,0_True
ISIC_0014422.png,1,1,0,0,1,0,0,1,malignant,ISIC_0014422,1,True,True,3,1_True
ISIC_0012666.png,0,1,1,0,1,1,0,0,benign,ISIC_0012666,0,True,True,4,0_True
ISIC_0010102.png,0,1,0,1,0,0,0,0,benign,ISIC_0010102,0,True,True,2,0_True
ISIC_0013189.png,1,1,1,0,0,0,0,0,benign,ISIC_0013189,0,True,True,3,0_True
ISIC_0010169.png,0,0,0,0,0,0,0,0,benign,ISIC_0010169,0,True,True,0,0_False
ISIC_0014286.png,1,0,0,1,1,0,0,0,benign,ISIC_0014286,0,True,True,3,0_True
ISIC_0014221.png,1,1,0,1,1,0,0,1,malignant,ISIC_0014221,1,True,True,4,1_True
ISIC_0000251.png,1,0,0,0,0,0,0,0,benign,ISIC_0000251,0,True,True,1,0_True
ISIC_0011383.png,0,0,1,0,1,0,0,0,benign,ISIC_0011383,0,True,True,2,0_True
ISIC_0013346.png,1,1,0,0,1,0,0,0,benign,ISIC_0013346,0,True,True,3,0_True
ISIC_0011328.png,0,1,0,0,1,0,0,0,benign,ISIC_0011328,0,True,True,2,0_True
ISIC_0000328.png,1,1,0,1,0,0,0,0,benign,ISIC_0000328,0,True,True,3,0_True
ISIC_0000164.png,0,1,0,1,0,0,0,1,malignant,ISIC_0000164,1,True,True,2,1_True
ISIC_0010180.png,0,1,0,0,0,0,0,0,benign,ISIC_0010180,0,True,True,1,0_True
ISIC_0013429.png,1,1,0,0,1,1,0,1,malignant,ISIC_0013429,1,True,True,4,1_True
ISIC_0011345.png,0,1,0,0,1,0,0,0,benign,ISIC_0011345,0,True,True,2,0_True
ISIC_0014973.png,0,1,0,1,0,0,0,0,benign,ISIC_0014973,0,True,True,2,0_True
ISIC_0002616.png,1,1,0,0,0,0,1,0,benign,ISIC_0002616,0,True,True,3,0_True
ISIC_0015109.png,0,1,0,1,0,0,0,1,malignant,ISIC_0015109,1,True,True,2,1_True
ISIC_0009885.png,0,0,0,0,1,0,0,0,benign,ISIC_0009885,0,True,True,1,0_True
ISIC_0015631.png,0,1,0,1,0,0,0,0,benign,ISIC_0015631,0,True,True,2,0_True
ISIC_0000125.png,1,0,0,0,1,0,0,0,benign,ISIC_0000125,0,True,True,2,0_True
ISIC_0000109.png,0,0,0,1,0,0,0,0,benign,ISIC_0000109,0,True,True,1,0_True
ISIC_0000882.png,0,1,1,0,0,0,1,0,benign,ISIC_0000882,0,True,True,3,0_True
ISIC_0013397.png,1,0,1,1,1,1,0,0,benign,ISIC_0013397,0,True,True,5,0_True
ISIC_0015157.png,0,0,0,1,0,0,0,0,benign,ISIC_0015157,0,True,True,1,0_True
ISIC_0015020.png,0,1,0,1,0,0,0,0,benign,ISIC_0015020,0,True,True,2,0_True
ISIC_0013691.png,0,1,1,0,1,1,0,0,benign,ISIC_0013691,0,True,True,4,0_True
ISIC_0015991.png,0,0,1,0,1,1,0,0,benign,ISIC_0015991,0,True,True,3,0_True
ISIC_0014930.png,0,1,0,1,0,0,0,0,benign,ISIC_0014930,0,True,True,2,0_True
ISIC_0011393.png,0,0,0,1,0,1,0,0,benign,ISIC_0011393,0,True,True,2,0_True
ISIC_0010318.png,0,0,0,0,1,0,0,0,benign,ISIC_0010318,0,True,True,1,0_True
ISIC_0012374.png,1,0,0,1,1,1,0,0,benign,ISIC_0012374,0,True,True,4,0_True
ISIC_0014625.png,1,0,0,0,0,0,0,0,benign,ISIC_0014625,0,True,True,1,0_True
ISIC_0011292.png,0,0,0,0,0,0,0,0,benign,ISIC_0011292,0,True,True,0,0_False
ISIC_0014500.png,1,0,0,1,1,0,0,0,benign,ISIC_0014500,0,True,True,3,0_True
ISIC_0016052.png,1,1,0,1,1,0,0,0,benign,ISIC_0016052,0,True,True,4,0_True
ISIC_0001296.png,0,0,1,0,0,0,1,0,benign,ISIC_0001296,0,True,True,2,0_True
ISIC_0010323.png,0,1,0,0,0,0,0,0,benign,ISIC_0010323,0,True,True,1,0_True
ISIC_0013341.png,0,1,1,0,1,0,0,0,benign,ISIC_0013341,0,True,True,3,0_True
ISIC_0012990.png,0,1,1,0,1,1,0,1,malignant,ISIC_0012990,1,True,True,4,1_True
ISIC_0000321.png,1,1,0,0,0,0,0,0,benign,ISIC_0000321,0,True,True,2,0_True
ISIC_0002453.png,0,1,1,0,0,0,1,0,benign,ISIC_0002453,0,True,True,3,0_True
ISIC_0011336.png,0,0,0,0,0,0,0,0,benign,ISIC_0011336,0,True,True,0,0_False
ISIC_0000329.png,1,0,0,1,0,0,0,0,benign,ISIC_0000329,0,True,True,2,0_True
ISIC_0000190.png,0,1,0,0,0,0,0,0,benign,ISIC_0000190,0,True,True,1,0_True
ISIC_0010348.png,0,1,0,0,0,0,0,0,benign,ISIC_0010348,0,True,True,1,0_True
ISIC_0001449.png,0,1,1,0,0,0,1,0,benign,ISIC_0001449,0,True,True,3,0_True
ISIC_0000234.png,0,1,0,1,0,0,0,0,benign,ISIC_0000234,0,True,True,2,0_True
ISIC_0012904.png,1,1,1,0,1,1,0,0,benign,ISIC_0012904,0,True,True,5,0_True
ISIC_0010461.png,0,0,0,0,0,0,0,0,benign,ISIC_0010461,0,True,True,0,0_False
ISIC_0000088.png,0,1,0,1,0,0,0,0,benign,ISIC_0000088,0,True,True,2,0_True
ISIC_0010337.png,0,0,0,1,1,0,0,0,benign,ISIC_0010337,0,True,True,2,0_True
ISIC_0013223.png,0,0,1,0,1,1,0,0,benign,ISIC_0013223,0,True,True,3,0_True
ISIC_0000386.png,0,0,0,0,1,0,0,0,benign,ISIC_0000386,0,True,True,1,0_True
ISIC_0013493.png,1,1,0,0,1,1,0,0,benign,ISIC_0013493,0,True,True,4,0_True
ISIC_0011095.png,0,1,0,0,0,0,0,1,malignant,ISIC_0011095,1,True,True,1,1_True
ISIC_0012376.png,1,1,0,0,1,0,0,0,benign,ISIC_0012376,0,True,True,3,0_True
ISIC_0012448.png,0,0,1,0,1,1,0,0,benign,ISIC_0012448,0,True,True,3,0_True
ISIC_0011228.png,0,1,0,0,0,0,0,0,benign,ISIC_0011228,0,True,True,1,0_True
